name,lat,lng,region,grade,crag,lists,description,url
South to North Traverse (The Cobbler),56.21300,-4.80820,Argyll and Bute,Grade-3,The Cobbler,british_3_star,"Grade 3 scramble · The Cobbler · ★★★

The south-to-north traverse of The Cobbler's three summits in the Arrochar Alps — exposed schist scrambling, with the famous 'threading the needle' move onto the true summit block.",https://www.ukclimbing.com/logbook/crags/the_cobbler-594/south_to_north_traverse-620030
A' Chir Ridge Traverse (A'Chir),55.62940,-5.23250,Arran,M,A'Chir,british_3_star,"Moderate (easy rock climb) · A'Chir · ★★★

This fine ridge, one of the best in Scotland outside Skye, gives a splendid outing. Much variation is possible and this is the grade for the easiest line traversing from south to north.",https://www.ukclimbing.com/logbook/crags/achir-279/a_chir_ridge_traverse-3
The Round Of Glen Sannox (Caisteal Abhail),55.64730,-5.23110,Arran,Grade-2,Caisteal Abhail,british_3_star,"Grade 2 scramble · Caisteal Abhail · ★★★

from Sannox, ascend the nose of Suidhe Fhearghas summit and follow the ridge anti-clockwise over Caisteal Abhail summit, Cir Mhor summit, North Goatfell, Mullach Buidhe summit and Cioch na h-Oighe. There are numerous sections of scrambling, including the Witch's Step (avoiding the direct descent to the bealach which would be Diff), the descents from Caisteal Abhail (line not obvious from above) and Cir Mhor, and traversing Cioch na h-Oighe. Just as fine, if not better, in reverse, this is a contender for the best day's ridge walking in Britain. Would be worth 4 stars if that were available.",https://www.ukclimbing.com/logbook/crags/caisteal_abhail-309/the_round_of_glen_sannox-151797
Carneddau Traverse (Carnedd Llewelyn),53.16020,-3.97040,Conwy,Grade-1,Carnedd Llewelyn,ridges_ewi,"Grade 1 scramble · Carnedd Llewelyn · ★★★

Day-long hike taking in multiple 3000ft mountain summits, usually including Foel Fras, Carnedd Gwenllian (Uchaf), Foel Grach, Carnedd Llewellyn, Yr Elen, Carnedd Dafydd and Pen yr Ole Wen.



This is mainly a long distance walking route, with only short sections of scrambling apart from the ascent / descent of Pen yr ole Wen. 



Variations on the route can include other peaks such as Drum, Pen yr Helgi ddu and Pen llithrig y wrach. 



Start and end points vary, but the most common are either Bwlch y ddeuifaen (SH ) or Anafon (SH ) carparks at the North end and the various parking areas in the Ogwen valley to the South. Plan carefully since public transport back to the start point is not easy, and be aware that although easy in clear weather, navigation can be very difficult in the frequent thick mist. 



The Carneddau traverse forms the Northern part of the Welsh 3000's challenge.",https://www.ukclimbing.com/logbook/crags/carnedd_llewelyn-13727/carneddau_traverse-273632
Bosigran Ridge a.k.a Commando Ridge (Bosigran Ridge Area),50.17390,-5.62140,Cornwall,VD,Bosigran Ridge Area,ridges_ewi,"Very Difficult (easy rock climb) · 161m · Bosigran Ridge Area · ★★★

Rockfax: The best VDiff in the West Country. Although protection is always at hand, the exposure, sections of down climbing and the traversing nature of the route call for all party members to be competent at the grade. Slings are very useful. Start at a belay ledge just before the arete.
1) 25m. Move left around the arete to a ramp above the zawn. Move along to a corner at the end of the ramp. Climb the wall on its left on good holds, left and then back slightly right, to beneath a vertical crack. Climb the crack on superb holds to a belay on the ridge.
2) 10m. Move along the easy-angled ridge to a belay at the base of an open corner that forms a chimney at its top.
3) 18m. Climb the corner and chimney to a belay under a neb.
4) 16m. Move up left to beneath the neb, and then make a traverse left through a large gap and climb down to a belay at a col.

5) 17m. Move up the ridge to where it steepens and move left to a traverse line. Follow the traverse line for about 5m and then climb a short corner up onto the ridge. Move along the ridge to a belay on its summit.

6) 30m. Downclimb a corner on the right of the ridge (when looking up the ridge) and then scramble along easy ground to a belay in the next col.

7) 25m. Move up the ridge to a perched block and traverse the foot ledge on its right. Descend awkwardly to a belay in the col.

8) 20m. Make a tricky move onto the right side of the pinnacle (this is the large pinnacle with the memorial plaque on it). Climb the face and ridge all the way to finish at the point where the ridge is crossed at the start of the descent. 

9) VS 4b (optional). Another pitch is possible but is much tougher than the rest of the climb.",https://www.ukclimbing.com/logbook/crags/bosigran_ridge_area-565/bosigran_ridge_aka_commando_ridge-890
Arrowhead Ridge Direct (The Napes),54.47960,-3.21991,Cumbria,VD,The Napes,ridges_ewi,"Very Difficult (easy rock climb) · 80m · The Napes · ★★★

An excellent and exposed climb, characterised by the distinctive Arrowhead at the top of the steep section. Start at the  left side of the lowest point of the next major ridge, which is found left of the gully left of Abbey Buttress.

1.) 15m, easy rocks followed by steeper climbing leads to a ledge.

2.) 25m, the steep ridge ahead is climbed either direct or round the corner on the right to the top of a small pinnacle. Step off the pinnacle onto the slab, ascend to the base of the Arrowhead then make an exposed move on good holds to the top.

3.) 10m, stride across the gap and pass along a horizontal section of the ridge.

4.) 30m, scramble along the ridge, passing the Stride en route.

Rockfax: The leftmost of the big Napes ridges is defined by the arrowhead pinnacle at the end of its steepest section. Start directly below the ridge, which is gained by following the Climbers' Traverse from The Dress Circle.
1) 15m. Climb the corner and rock on its right to a ledge.
2) 22m. Continue up the arete to a pinnacle and step across onto a slab. Follow the slab to the arrowhead and make some steep moves up onto it - belay.
3) 20m. Bridge out over to the ridge. Climb it via slabby rock to belay where the angle eases.
4) 30m. Climb along the ridge past a gap to meet up with the descent route.",https://www.ukclimbing.com/logbook/crags/the_napes-662/arrowhead_ridge_direct-8169
Ashness Ghyll Scramble (Ashness Gill),54.56390,-3.11030,Cumbria,3S,Ashness Gill,british_3_star,"Grade 3S scramble (serious) · Ashness Gill · ★★★

A gill scramble up Ashness Gill above the famous Ashness Bridge in Borrowdale — waterfall steps with Derwentwater spread out behind. Graded 3S: serious in anything but dry conditions.",https://www.ukclimbing.com/logbook/crags/ashness_gill-1841/ashness_ghyll_scramble-154691
Bell Rib (Yewbarrow),54.46490,-3.27680,Cumbria,Grade-3,Yewbarrow,ridges_ewi,"Grade 3 scramble · 80m · Yewbarrow · ★

The direct way up the ridge of Yewbarrow",https://www.ukclimbing.com/logbook/crags/yewbarrow-15657/bell_rib-408806
Broad Stand (Scafell East Buttress),54.44950,-3.22000,Cumbria,D,Scafell East Buttress,ew_classics,"Difficult (easy rock climb) · Scafell East Buttress

The infamous short cut off Mickledore between Scafell Pike and Scafell — a short, polished Diff step with a long history of accidents. Far harder than its length suggests; many parties rope up or go round via Foxes Tarn.",https://www.ukclimbing.com/logbook/crags/scafell_east_buttress-681/broad_stand-7085
Cam Crag Ridge (Cam Crags Borrowdale),54.49180,-3.14160,Cumbria,M,Cam Crags Borrowdale,british_3_star+ridges_ewi,"Moderate (easy rock climb) · Cam Crags Borrowdale · ★★★

A good Moderate/Grade 2 scramble on clean rock. It is possible to choose a number of lines depending on how difficult you wish to make it but the following description may be helpful. From the path up Langstrath head up to the bottom of the crag. The initial buttress is reached through a jumble of large boulders. Climb diagonally left across the face, and up the wall on good holds to finish up a narrow ridge. Move up to the main ridge. Take the obvious diagonal crack up the steepening into a short chimney. Big holds on clean solid rock. The steepness then eases, before the next rock band . Follow another diagonal sloping crack up the next steepening again plenty of big holds. Keep to the nose of the ridge and further rocky steps inter-spaced by short grassy terraces. Follow these rocky steps to the top.",https://www.ukclimbing.com/logbook/crags/cam_crags_borrowdale-2477/cam_crag_ridge-50974
Central Buttress (Brown Cove Crags),54.53310,-3.03690,Cumbria,Grade-3,Brown Cove Crags,ew_classics,"Grade 3 scramble · Brown Cove Crags

A Grade 3 buttress on Brown Cove Crags, Helvellyn's quiet western side — clean stepped rock finishing near Lower Man.",https://www.ukclimbing.com/logbook/crags/brown_cove_crags-1295/central_buttress-50996
Chockstone Ridge (Grey Crag),54.52220,-3.27940,Cumbria,M,Grey Crag (Buttermere),ew_classics+ridges_ewi,"Moderate (easy rock climb) · Grey Crag (Buttermere) · ★★

Rockfax: A long easy grade climb/scramble in an impressive location. Start on the left of the ridge just up from its base.
1) 20m. Move rightwards onto the ridge and follow it to a belay where it starts to steepen.
2) 12m. Move up the ridge and past a pinnacle to a belay.
3) 15m. Continue up to belay below a chimney.
4) 25m. Finish up the chimney and easier rock above it.",https://www.ukclimbing.com/logbook/crags/grey_crag_buttermere-381/chockstone_ridge-35937
Crenation Ridge (Pikes Crag),54.45360,-3.21860,Cumbria,D,Pikes Crag,ridges_ewi,"Difficult (easy rock climb) · Pikes Crag

A Diff ridge up Pikes Crag above Hollow Stones, facing Scafell across Mickledore — a mountaineering finish to Scafell Pike.",https://www.ukclimbing.com/logbook/crags/pikes_crag-716/crenation_ridge-49410
"Doves Nest Crags (Dove Nest Crag, Combe Ghyll)",54.49420,-3.15470,Cumbria,Grade-3,"Dove Nest Crag, Combe Ghyll",ew_classics,"Grade 3 scramble · Dove Nest Crag, Combe Ghyll · ★★

One tricky move near the rope where most people would find a rope is helpful",https://www.ukclimbing.com/logbook/crags/dove_nest_crag_combe_ghyll-2650/doves_nest_crags-57694
East Rib (Tarn Crag),54.45710,-3.09640,Cumbria,Grade-2,Tarn Crag (Langdale),ew_classics,"Grade 2 scramble · Tarn Crag (Langdale) · ★

Route following rib to the right of a holy bush in corner right of a steep wall.",https://www.ukclimbing.com/logbook/crags/tarn_crag_langdale-1613/east_rib-85250
East Ridge (Harrison Stickle),54.45640,-3.10940,Cumbria,Grade-2,Harrison Stickle,ew_classics+ridges_ewi,Grade 2 scramble · 170m · Harrison Stickle · ★,https://www.ukclimbing.com/logbook/crags/harrison_stickle-1826/east_ridge-50986
Easy Terrace and its continuation (Dow Crag),54.37030,-3.13660,Cumbria,Grade-3,Dow Crag,british_3_star+ew_classics,"Grade 3 scramble · 130m · Dow Crag · ★★★

Route 79 in Scrambles in the Lake District Volume 1 Southern Lakes",https://www.ukclimbing.com/logbook/crags/dow_crag_cumbria-355/easy_terrace_and_its_continuation-409335
Grains Gill and Allen Crags Scramble,54.46610,-3.18020,Cumbria,Grade-2,Allen Crags,ew_classics,"Grade 2 scramble · Allen Crags · ★★

A gentle gill-and-slabs scramble following Grains Gill up from Stockley Bridge towards Esk Hause and Allen Crags — a scrambly way into the heart of the Scafells.",https://www.ukclimbing.com/logbook/crags/allen_crags-14981/grains_gill_and_allen_crags_scramble-596533
Great Blake Rigg,54.38560,-3.14110,Cumbria,Grade-3,Great Blake Rigg,ew_classics,"Grade 3 scramble · 150m · Great Blake Rigg · ★★

This impressive buttress lies on the slopes of Grey Friar and overlooks the head of Seathwaithe Tarn. The Crags have a steep left wall, but the crest rises in a series of buttresses set at a reasonable angle. The upper sections offer easier alternatives, which tries to maintain the interest of the first section. Start below and right of the prominant line of overhangs, where a deep right-facing crack splits the crag.",https://www.ukclimbing.com/logbook/crags/great_blake_rigg-367/great_blake_rigg-72529
Great Carrs Buttress,54.39870,-3.12510,Cumbria,Grade-2,Great Carrs,ew_classics,"Grade 2 scramble · 230m · Great Carrs · ★★

A Grade 2 buttress scramble on Great Carrs at the head of the Greenburn valley — quiet Coniston-fells rock finishing near the summit.",https://www.ukclimbing.com/logbook/crags/great_carrs-14982/great_carrs_buttress-450700
Hall's Fell Ridge (Blencathra),54.63960,-3.04980,Cumbria,Grade-1,Blencathra,ridges_ewi,"Grade 1 scramble · Blencathra · ★★

Blencathra's finest line: a heathery spur from Threlkeld that narrows into the rocky arete of Narrow Edge, arriving exactly at the summit cairn. Wainwright called it the finest way to any mountain top in Lakeland.",https://www.ukclimbing.com/logbook/crags/blencathra-13876/halls_fell_ridge_summer-57027
Harrow Buttress (Grey Crag),54.52120,-3.27940,Cumbria,D,Grey Crag (Buttermere),ridges_ewi,"Difficult (easy rock climb) · Grey Crag (Buttermere) · ★★

Rockfax: A fine start to the day and a good way to access the slabs above. Start at a small corner at the very base of the buttress (the approach path leads to this point).
1) 8m. Climb the corner and arete to a ledge.
2) 20m. An awkward move starts the chimney just left of the belay. Continue above and then break left along a ledge and up left again to ledges and a block and nut belay.
3) 14m. Climb the easy-angled right-hand corner to a slight bulge, then move left before heading to the top of the buttress.",https://www.ukclimbing.com/logbook/crags/grey_crag_buttermere-381/harrow_buttress-4565
Helvellyn Gill (Swirl Crags),54.53720,-3.04810,Cumbria,Grade-1,Swirl Crags,ew_classics,"Grade 1 scramble · Swirl Crags

A Grade 1 splash up Helvellyn Gill beside the Thirlmere path — short waterfall steps, easily escaped, a fun start to the mountain.",https://www.ukclimbing.com/logbook/crags/swirl_crags-444/helvellyn_gill-302970
Honister Crag,54.51780,-3.21440,Cumbria,3S,Honister Crag,ew_classics,"Grade 3S scramble (serious) · Honister Crag · ★★

A big, serious 3S scramble up the gullied face of Honister Crag (Fleetwith Pike) above the pass — loose in places and needing care, but a tremendous position.",https://www.ukclimbing.com/logbook/crags/honister_crag-376/honister_crag-58494
Ill Gill (Kirk Fell),54.48330,-3.24410,Cumbria,3S,Kirk Fell,british_3_star+ew_classics,"Grade 3S scramble (serious) · Kirk Fell · ★★★

One of the Lakes' most interesting gill scrambles",https://www.ukclimbing.com/logbook/crags/kirk_fell-13887/ill_gill-67896
Intake Ridge (Intake Ridge/Glaciated Slab),54.50560,-3.15270,Cumbria,D,Intake Ridge/Glaciated Slab,ew_classics+ridges_ewi,"Difficult (easy rock climb) · 150m · Intake Ridge/Glaciated Slab · ★

Links a series of rocky steps above the intake wall to the left of Glaciated Slab",https://www.ukclimbing.com/logbook/crags/intake_ridgeglaciated_slab-760/intake_ridge-31087
Jack's Rake (Pavey Ark),54.46190,-3.10490,Cumbria,Grade-1,Pavey Ark,british_3_star+ew_classics,"Grade 1 scramble · Pavey Ark · ★★★

Fantastic scramble running up the face of Pavey Ark from bottom right to top left (if looking up from the tarn).",https://www.ukclimbing.com/logbook/crags/pavey_ark-342/jacks_rake-50985
Link Cove Gill (Link Cove Becks),54.50220,-2.96810,Cumbria,Grade-3,Link Cove Becks,british_3_star+ew_classics,"Grade 3 scramble · Link Cove Becks · ★★★

The left hand ravine and continuation stream provide a classic on clean, water washed rock.",https://www.ukclimbing.com/logbook/crags/link_cove_becks-1814/link_cove_gill_summer-50993
Long Crag Buttress (Long Crag Coniston),54.37400,-3.07980,Cumbria,Grade-1,Long Crag Coniston,british_3_star,"Grade 1 scramble · 160m · Long Crag Coniston · ★★★

A 160m Grade 1 buttress scramble on Long Crag in the Yewdale fells above Coniston — heathery ledges and clean rocky steps, a good short-day objective.",https://www.ukclimbing.com/logbook/crags/long_crag_coniston-22640/long_crag_buttress-193035
Lorton Gully (Grasmoor),54.57160,-3.27760,Cumbria,Grade-3,Grasmoor,british_3_star+ew_classics,"Grade 3 scramble · Grasmoor · ★★★

A long Grade 3 gully scramble splitting the north-west face of Grasmoor above Crummock Water — chockstone pitches and steep exits, best left for a dry spell.",https://www.ukclimbing.com/logbook/crags/grasmoor-3899/lorton_gully-67891
Low Birker Force (Scramble) (Birker Force Crag),54.38810,-3.25330,Cumbria,3S,Birker Force Crag,ew_classics,"Grade 3S scramble (serious) · Birker Force Crag · ★★

Summer Scramble described in the book Classic Mountain Scrambles in England & Wales by  Graham Thompson (1994).   The main cascades are avoided by grassy ramp on the left.",https://www.ukclimbing.com/logbook/crags/birker_force_crag-16024/low_birker_force_scramble-783337
Main Face (Pike of Stickle),54.45690,-3.12140,Cumbria,Grade-3,Pike of Stickle,british_3_star,"Grade 3 scramble · 240m · Pike of Stickle · ★★★

A direct 240m Grade 3 line up the main face of Pike o' Stickle from the Langdale screes, weaving between steep walls to finish on the summit dome.",https://www.ukclimbing.com/logbook/crags/pike_of_stickle-15060/main_face-122990
Mill Gill,54.56890,-3.04720,Cumbria,3S,Mill Gill,british_3_star+ew_classics,"Grade 3S scramble (serious) · Mill Gill · ★★★

A fine gill scramble up Mill Gill in St John's in the Vale — a staircase of waterfall pitches on sound rock, steeper and more sustained than its modest length suggests.",https://www.ukclimbing.com/logbook/crags/mill_gill-1865/mill_gill_summer-232671
Needle Ridge (The Napes),54.48015,-3.22022,Cumbria,VD,The Napes,ridges_ewi,"Very Difficult (easy rock climb) · 114m · The Napes · ★★★

Excellent, safe climbing in superb surroundings on good though polished rock. Start from the gap directly behind the Needle. 

1.) 12m, climb the very polished slab above to a chimney that trends left to a stance below a steep wall.

2.) 15m, the steep wall above, followed by easier rocks, leads to a broken wall. Climb the wall, then traverse 7m right to the rib.

3.) 25m, follow the rib above, then easy rocks to a corner which is climbed on the right.

4.) 12m, climb the groove on the left. Alternatively, climb the groove for 3m, then traverse right under the overhang and finish straight up. 

5.) 33m, easy scrambling to the top.

Rockfax: Classic ridge climbing providing unique views of Napes Needle. Start in the gap between the needle and main cliff.
1) 12m. Ascend a polished slab and then the wide crack/chimney to a ledge and belay.
2) 20m. Climb the steep wall via a crack, then continue up easier ground to a grassy col and belay under a chimney.
3) 14m. Climb the chimney and move left and up to a ledge.
4) 36m. Move up the corner and step left below an overhang to a crack that is followed to a belay on the ridge. Alternatively, move right below the overhang and up to the ridge.
5) 40m. Move easily along the ridge to the descent line.",https://www.ukclimbing.com/logbook/crags/the_napes-662/needle_ridge-8190
North-East Buttress (Gillercombe),54.50140,-3.20210,Cumbria,Grade-2,Gillercombe,ew_classics,"Grade 2 scramble · Gillercombe

As found in guidebook ""Scrambles and Easy Climbs in the Lake District"", by Jon Sparks & Judith Brown. Grade 2 scramble tackles rock just to the right of the main buttress above right of the largest scree fan. Also Called Rabbits Trod",https://www.ukclimbing.com/logbook/crags/gillercombe-763/north-east_buttress-90167
Pikes Crag Ridge,54.45260,-3.21860,Cumbria,VD,Pikes Crag,ridges_ewi,"Very Difficult (easy rock climb) · Pikes Crag · ★

Pitches 4 and 5 are severe but can be turned on the right",https://www.ukclimbing.com/logbook/crags/pikes_crag-716/pikes_crag_ridge-58417
Pillar Rock by Slab and Notch,54.49700,-3.28120,Cumbria,Grade-3,Pillar,british_3_star+ew_classics,"Grade 3 scramble · Pillar · ★★★

In 'Scrambles in the Lake District' by Brian Evans",https://www.ukclimbing.com/logbook/crags/pillar-519/pillar_rock_by_slab_and_notch-264543
"Pillar Rock, The Old West Route",54.49800,-3.28120,Cumbria,M,Pillar,british_3_star,"Moderate (easy rock climb) · Pillar · ★★★

In 'Scrambles in the Lake District' by Brian Evans

Rockfax: A fantastic, historic way up to the summit of Pillar Rock, and a well used descent from Low Man's summit. It is often soloed but is easily split into pitches. Start at the base of an easy-angled rake that meets the bed of Western Gully just down from the base of Rib and Slab Climb's pale intrusion of rock. Follow the rake up a well worn series of grassy ledges, slabs and corners to gain the summit of Low Man. Move up to a higher grassy terrace, then head up right over worn rock and blocks towards the summit.",https://www.ukclimbing.com/logbook/crags/pillar-519/pillar_rock_the_old_west_route-264544
Pinnacle Ridge (St. Sunday Crag),54.51200,-2.97580,Cumbria,Grade-3,St. Sunday Crag,british_3_star+ew_classics+ridges_ewi,"Grade 3 scramble · St. Sunday Crag · ★★★

Being 4.5 miles in the round from Patterdale.   Some climbers will say the hardest part of Pinnacle Ridge is actually finding it! With a scrambling Grade 3, many climbers  believe the ridge does not merit such a high grade as there are many escape routes.  Looking up from the Grisedale trench you can see the obvious prominent exit area of East Chockstone gully, Pinnacle Ridge is 180 meters to the left of this.  The starting point is a gun like shaped rock known as the Cannon, although before you reach this you will see a small withered tree still standing to the right as you approach the ridge, scrambling on from the Cannon you will come across the giant slabs which are smooth and have little grip, in wet or icy weather these can be difficult to traverse.  I once read that wearing an old sock over your boot will afford better grip, I tried this technique and yes it does work.  From the slabs the ridge continues with no real route finding problems, suddenly you find yourself at the crux wall standing some 6 meters in height,this being the only real pitch on the route and best climbed from the corner.  The crux wall will pose no problems for the accomplished rock climber but I have always roped here . Atop of the crux wall is a prominent rock which can be used to secure a belay .  From there you can see the Pinnacles, many climbers shuffle across them , all afford good grip.  Having Scrambling down the final Pinnacle cross to the left then up the well worn path turning right to the summit of St Sunday.  There are escape routes to the left or dropping down to the easy gully which runs parallel to the right of the ridge.  Whether or not the Grade 3 rating is warranted is I believe a personal choice and best left to the individual climber , the difficulty of the ridge will always depend on the weather conditions with snow and ice the route takes on Alpine proportions ...........Big Hell",https://www.ukclimbing.com/logbook/crags/st_sunday_crag-449/pinnacle_ridge-7787
Sandbed Gill Scramble,54.58670,-3.05360,Cumbria,3S,Sandbed Gill,british_3_star+ew_classics,"Grade 3S scramble (serious) · Sandbed Gill · ★★★

A tight ravine scramble in St John's in the Vale — steep chockstone pitches stacked into a narrow slot. Graded 3S: serious, escapes are poor and it needs dry conditions.",https://www.ukclimbing.com/logbook/crags/sandbed_gill-1866/sandbed_gill_scramble-270542
Sharp Edge (Blencathra),54.64060,-3.04980,Cumbria,Grade-1,Blencathra,british_3_star+ew_classics+ridges_ewi,"Grade 1 scramble · Blencathra · ★★★

Sharp Edge is Blencathra's famous arete above Scales Tarn — short but genuinely knife-edged, with polished rock and real consequence in the wet or wind. Finish up the headwall to the summit plateau.",https://www.ukclimbing.com/logbook/crags/blencathra-13876/sharp_edge_summer-94645
Sourmilk Gill,54.49920,-3.18580,Cumbria,Grade-2,Sourmilk Gill,british_3_star,"Grade 2 scramble · 350m · Sourmilk Gill · ★★★

The waterfall gill above Seathwaite in Borrowdale, climbed direct beside (and in) the cascades. A Lakeland gill-scramble classic — polished when busy, serious when wet.",https://www.ukclimbing.com/logbook/crags/sourmilk_gill-1846/sourmilk_gill-26891
South East Face (Ill Crag),54.45560,-3.20000,Cumbria,Grade-3,Ill Crag,british_3_star+ew_classics,"Grade 3 scramble · Ill Crag · ★★★

A long, open scramble up the south-east face of Ill Crag above upper Eskdale — remote Scafell-massif ground with endless clean boiler-plate rock and a wild approach.",https://www.ukclimbing.com/logbook/crags/ill_crag-14860/south_east_face-186333
Sphinx Ridge (The Napes),54.48015,-3.21858,Cumbria,Grade-2,The Napes,ridges_ewi,"Grade 2 scramble · 830m · The Napes · ★

The Lake District is not blessed with many decent scrambling ridges, but Sphinx Ridge is definitely a good'un. Climbers on The Napes often use it as a descent route, but it is worthwhile in its own right too. 



Quit the Traverse path just before reaching the buttress that backs The Sphinx and go carefully right up an unsafe scree gully. As soon as practical, move left onto the crest of Sphinx Ridge at a level pinnacled section. Climb a couple of airy pinnacles to reach a slabby rib, which is climbed in quite an exciting position until the difficulty forces you right. Foot traverse a narrow heathery ledge across the rib’s right flank to briefly re-enter the gully. From here just follow the upper crest, with discontinuous rocky sections where you can alter the line to suit your ability. The last (optional) obstacle is a steep wall with some suspect blocks, topped by a polished groove. Above this Sphinx Ridge merges with the unusual neck that forms the junction of all The Napes' ridges. Walk up the grassy crest.",https://www.ukclimbing.com/logbook/crags/the_napes-662/sphinx_ridge-247003
Stickle ghyll (Harrison Stickle),54.45740,-3.10940,Cumbria,Grade-1,Harrison Stickle,ew_classics,"Grade 1 scramble · Harrison Stickle · ★★

The popular Grade 1 gill scramble up Stickle Ghyll to Stickle Tarn — polished, sociable and easily varied, with Pavey Ark waiting above.",https://www.ukclimbing.com/logbook/crags/harrison_stickle-1826/stickle_ghyll-524587
Striding Edge (Helvellyn),54.52800,-3.01880,Cumbria,Grade-1,Helvellyn,british_3_star+ridges_ewi,"Grade 1 scramble · 863m · Helvellyn · ★★★

Walk in from either Patterdale or Glenridding to Helvellyn's south eastern ridge, from the hole in the wall you start the ridge proper. Follow this all the way to Helvellyn's flat summit, a path handrails the ridge just below the crest for less exposure.",https://www.ukclimbing.com/logbook/crags/helvellyn-13902/striding_edge_summer-166902
Swirral Edge (Helvellyn),54.52700,-3.01880,Cumbria,Grade-1,Helvellyn,ridges_ewi,"Grade 1 scramble · 850m · Helvellyn · ★★

Helvellyn's northeastern ridge, can be approached from either Glenridding or Patterdale.  Usually done with Striding Edge as a horseshoe. Nice exposure but a little short.",https://www.ukclimbing.com/logbook/crags/helvellyn-13902/swirral_edge_summer-176363
"Tarn Beck (Tarn Beck, Duddon Valley.)",54.37640,-3.17140,Cumbria,Grade-2,"Tarn Beck, Duddon Valley.",ew_classics,"Grade 2 scramble · Tarn Beck, Duddon Valley.

Start from the north side of the bridge over the beck, follow up as close to the stream as you can.",https://www.ukclimbing.com/logbook/crags/tarn_beck_duddon_valley-4041/tarn_beck-71594
The Climber's Traverse (The Napes),54.48050,-3.21940,Cumbria,Grade-2,The Napes,ew_classics+ridges_ewi,"Grade 2 scramble · The Napes · ★★★

This route takes in some of the most famous scenery in the Lake District. It starts out by traversing screes below Kern Knotts Crag before veering steeply up behind Napes Needle and traversing the base of the crags which hang high over Wasdale Head. Thread the Needle, then follow the polished line along the base of Eagle's Nest Ridge and Arrowhead Ridge.



Approaching from Wasdale traverse left below the high crags of Kern Knotts over rocky terrain. Continue over screes past Tophet Wall until the Needle appears prominently above you. At this point the scramble turns right up to the cleft right of the Needle, from here an easy but strenuous chimney takes you to the gap at back of the Needle.



A long and polished step down takes you to the start of the Climbers' Traverse. The traverse winds an obvious and natural line around the base of the crags, several short gully descents and rocky steps add interest. The route leads naturally into Sphinx Ridge.",https://www.ukclimbing.com/logbook/crags/the_napes-662/the_climbers_traverse-50982
The Esk Gorge (Esk Buttress),54.44830,-3.19830,Cumbria,Grade-2,Esk Buttress (Dow Crag),british_3_star,"Grade 2 scramble · Esk Buttress (Dow Crag) · ★★★

The long main gorge which drains from the Great Moss provides a superb scramble. It is rarely in condition and needs a good dry spell to be climbable. 



Can also be ascended in wetsuit etc. when too wet for a dry scramble. Start at Lingcove Bridge (NY227036) it is easily escapable if any of the falls look to serious.",https://www.ukclimbing.com/logbook/crags/esk_buttress_dow_crag-724/the_esk_gorge-51052
The Napes and Westmorland's Crag,54.47960,-3.21889,Cumbria,Grade-2,The Napes,ridges_ewi,"Grade 2 scramble · The Napes · ★★★

A Grade 2 link-up over the Napes ridges and on up Westmorland's Crag to Great Gable's summit — threading Napes Needle country by its easiest lines.",https://www.ukclimbing.com/logbook/crags/the_napes-662/the_napes_and_westmorlands_crag-57023
Thor's Buttress and Pen (Esk Buttress),54.44730,-3.19830,Cumbria,Grade-3,Esk Buttress (Dow Crag),british_3_star+ew_classics,"Grade 3 scramble · Esk Buttress (Dow Crag) · ★★★

A link-up on the Eskdale flank of Scafell Pike taking Thor's Buttress and the Pen — rough, remote slabs and blocky ridges high above the Great Moss.",https://www.ukclimbing.com/logbook/crags/esk_buttress_dow_crag-724/thors_buttress_and_pen-343167
West Ridge (Pike of Stickle),54.45590,-3.12140,Cumbria,Grade-3,Pike of Stickle,ew_classics+ridges_ewi,"Grade 3 scramble · 70m · Pike of Stickle · ★★

A short ridge up the west ridge. In a good position. Begin from a small platform.",https://www.ukclimbing.com/logbook/crags/pike_of_stickle-15060/west_ridge-50992
Wistow Crags Scramble,54.49270,-3.27600,Cumbria,Grade-2,Wistow Crags,british_3_star+ew_classics,"Grade 2 scramble · 250m · Wistow Crags · ★★★

Start at the lowest point of the buttress. Climb easily keeping to the best rock. The climb is split in three similar height stages. The first is until a large grassy ledge, the second until the side gullies close in and form a ridge and the third is from here to the top. Another warning to be careful of loose rock.",https://www.ukclimbing.com/logbook/crags/wistow_crags-12120/wistow_crags_scramble-155544
Alport Castles Tower,53.42060,-1.78860,Derbyshire,Grade-1,Alport Castles,dark_peak,"Grade 1 scramble · Alport Castles

Traverse the tower from SE to NW. Route 22 in Scrambles in the Dark Peak.",https://www.ukclimbing.com/logbook/crags/alport_castles-21526/alport_castles_tower-349465
Arpeggio Gully (Kinder Downfall),53.39660,-1.87870,Derbyshire,Grade-3,Kinder Downfall,british_3_star+dark_peak,"Grade 3 scramble · 90m · Kinder Downfall · ★★★

A gully scramble beside Kinder Downfall, the Peak District's biggest waterfall — gritstone steps and chokestones right of the fall, finishing on the Kinder plateau.",https://www.ukclimbing.com/logbook/crags/kinder_downfall-134/arpeggio_gully_summer-335017
Ashton Clough (Lower Shelf Stones),53.44950,-1.87230,Derbyshire,Grade-1,Lower Shelf Stones,dark_peak,Grade 1 scramble · Lower Shelf Stones,https://www.ukclimbing.com/logbook/crags/lower_shelf_stones-16451/ashton_clough_summer-349462
Blackden Brook (Kinder Northern Edges),53.40530,-1.86510,Derbyshire,Grade-1,Kinder Northern Edges,dark_peak,"Grade 1 scramble · 110m · Kinder Northern Edges

Route 24 in Cicerone Scrambles in the Dark Peak.",https://www.ukclimbing.com/logbook/crags/kinder_northern_edges-133/blackden_brook_summer-345440
Blackden Brook Left-hand (Kinder Northern Edges),53.40518,-1.86456,Derbyshire,Grade-1,Kinder Northern Edges,dark_peak,"Grade 1 scramble · Kinder Northern Edges

Branch on left closest to main stream. Route 24 Alt Finish 1 in Scrambles in the Dark Peak.",https://www.ukclimbing.com/logbook/crags/kinder_northern_edges-133/blackden_brook_left-hand_summer-349469
Chrome Hill Ridge,53.20280,-1.89590,Derbyshire,Grade-1,Chrome Hill,dark_peak,"Grade 1 scramble · 75m · Chrome Hill

Route 41 in scrambles in the dark peak (although technically not in the dark peak). Harder if started direct.",https://www.ukclimbing.com/logbook/crags/chrome_hill-16401/chrome_hill_ridge-333844
Coombes Clough (Millstone Buttress to Highstone Rocks),53.49360,-1.92330,Derbyshire,Grade-1,Millstone Buttress to Highstone Rocks,dark_peak,Grade 1 scramble · Millstone Buttress to Highstone Rocks · ★,https://www.ukclimbing.com/logbook/crags/millstone_buttress_to_highstone_rocks-10277/coombes_clough-252095
Crowden Clough (Kinder Southern Edges),53.38060,-1.83890,Derbyshire,Grade-1,Kinder Southern Edges,dark_peak,"Grade 1 scramble · Kinder Southern Edges · ★★

Walk up from Upper Booth, and up Crowden Clough onto Kinder Scout via the Crowden Clough waterfall.",https://www.ukclimbing.com/logbook/crags/kinder_southern_edges-940/crowden_clough_summer-177894
Deer Knowl,53.48470,-1.86230,Derbyshire,Grade-2,Deer Knowl,dark_peak,"Grade 2 scramble · 40m · Deer Knowl

The obvious light-coloured line towards the western end of the crag. Route 14 in Scrambles in the Dark Peak.",https://www.ukclimbing.com/logbook/crags/deer_knowl-931/deer_knowl_summer-349255
Downfall Climb (Kinder Downfall),53.39610,-1.87786,Derbyshire,M,Kinder Downfall,dark_peak,"Moderate (easy rock climb) · 60m · Kinder Downfall · ★★

Rockfax: An aquatic amble across the series of sloping ledges. It is great as a winter route (see page 179) and okay as a rock climb in the dry but way too exciting if there has been much rain. Start on the right and climb up the groove or the ledges just to its left. Then follow the ramps up and left, passing the main flow, to a choice of finishing grooves. If already well-soaked, it is probably worth exiting easily rightwards.",https://www.ukclimbing.com/logbook/crags/kinder_downfall-134/downfall_climb-19506
Elbow Ridge (Winnats Pass),53.34050,-1.79860,Derbyshire,D,Winnats Pass,dark_peak+ridges_ewi,"Difficult (easy rock climb) · Winnats Pass · ★

Alpine training starting from the road side. The ridge to the right of Matterhorn Ridge.",https://www.ukclimbing.com/logbook/crags/winnats_pass-1239/elbow_ridge-63867
Fair Brook (Kinder Northern Edges),53.40489,-1.86427,Derbyshire,Grade-1,Kinder Northern Edges,dark_peak,"Grade 1 scramble · 100m · Kinder Northern Edges

Found in the Cicerone Peak Scrambling Guide as Fairbrook. It is the main clough off which Fair Brook Gully goes. It provides pleasant easy scrambling with a couple of waterfall walls to give it its grade.",https://www.ukclimbing.com/logbook/crags/kinder_northern_edges-133/fair_brook_summer-313941
Fair Brook Gully (Kinder Northern Edges),53.40455,-1.86437,Derbyshire,Grade-1,Kinder Northern Edges,dark_peak,"Grade 1 scramble · Kinder Northern Edges · ★

Easy scrambling up Fair Brook Gully to reach the Kinder plateau. Route 26 in Scrambles in the Dark Peak.",https://www.ukclimbing.com/logbook/crags/kinder_northern_edges-133/fair_brook_gully_summer-291515
Far Upper Red Brook (Kinder Northern Edges),53.40518,-1.86564,Derbyshire,Grade-1,Kinder Northern Edges,dark_peak,Grade 1 scramble · Kinder Northern Edges,https://www.ukclimbing.com/logbook/crags/kinder_northern_edges-133/far_upper_red_brook_summer-349473
Grindsbrook Clough (Kinder Southern Edges),53.37985,-1.83817,Derbyshire,Grade-1,Kinder Southern Edges,dark_peak,"Grade 1 scramble · Kinder Southern Edges

Ascend the prominent right fork of the stream just before the path diverges left up a shallow gully. Easy gill scrambling with a few entertaining steps soon leads to the path between Hartshorn and Grindslow Knoll.",https://www.ukclimbing.com/logbook/crags/kinder_southern_edges-940/grindsbrook_clough_summer-79355
Lawrence Edge No 1 (Rollick Stones),53.48130,-1.87880,Derbyshire,Grade-1,Rollick Stones,dark_peak,Grade 1 scramble · 50m · Rollick Stones,https://www.ukclimbing.com/logbook/crags/rollick_stones-933/lawrence_edge_no_1_summer-349256
Lawrence Edge No 2 (Rollick Stones),53.48055,-1.87807,Derbyshire,Grade-1,Rollick Stones,dark_peak,Grade 1 scramble · 50m · Rollick Stones,https://www.ukclimbing.com/logbook/crags/rollick_stones-933/lawrence_edge_no_2_summer-327454
Matterhorn Ridge (Winnats Pass),53.33950,-1.79860,Derbyshire,VD,Winnats Pass,ridges_ewi,"Very Difficult (easy rock climb) · 65m · Winnats Pass · ★

The route is up the obvious left hand ridge.  Belay to suit (where gear allows).",https://www.ukclimbing.com/logbook/crags/winnats_pass-1239/matterhorn_ridge-36947
Nether Red Brook (Kinder Northern Edges),53.40433,-1.86481,Derbyshire,Grade-1,Kinder Northern Edges,dark_peak,"Grade 1 scramble · 140m · Kinder Northern Edges · ★

Two or three climbing pulls up the clough's very rocky bed make it as worthwhile as well known scrambles such as Wild Boar Clough on Bleaklow. Quite a lot of water coming down but do-able. Care on green bits required. Route 27 in Scrambles in the Dark Peak.",https://www.ukclimbing.com/logbook/crags/kinder_northern_edges-133/nether_red_brook_summer-297646
Nether Red Brook Alternative Finish 1 (Kinder Northern Edges),53.40433,-1.86539,Derbyshire,Grade-3,Kinder Northern Edges,dark_peak,"Grade 3 scramble · Kinder Northern Edges · ★

Variation on route 27 in Scrambles in the Dark Peak. The large block that forms much of the left wall of the chimney near the top is now extremely loose - beware!",https://www.ukclimbing.com/logbook/crags/kinder_northern_edges-133/nether_red_brook_alternative_finish_1_summer-347962
Nether Red Brook Alternative Finish 2 (Kinder Northern Edges),53.40455,-1.86583,Derbyshire,Grade-2,Kinder Northern Edges,dark_peak,"Grade 2 scramble · 50m · Kinder Northern Edges · ★

This is a distinct route from Nether Red Brook not just an alternative top out. Some startling rocks to climb under and over with an exciting cave exit for the slim at one point. Don't try this if you are on your own. If you got stuck you'd be a long time being found.

Possible to skirt some difficulties but never less than grade 1.",https://www.ukclimbing.com/logbook/crags/kinder_northern_edges-133/nether_red_brook_alternative_finish_2_summer-314114
Oaken Clough,53.50490,-1.91080,Derbyshire,Grade-2,Oaken Clough,dark_peak,"Grade 2 scramble · 75m · Oaken Clough · ★★

An excellent scramble up the gully. Best if you stick to the rock, you pass several pools and falls. There are a couple of steeper sections including a deviation though a chimmney under a chockstone.  It finishes at the top of the gully on the Penine way.

Difficulty can vary depending on the volume of water coming down the gully.",https://www.ukclimbing.com/logbook/crags/oaken_clough-19889/oaken_clough-290550
Parkhouse Hill Ridge,53.19960,-1.88230,Derbyshire,Grade-1,Parkhouse Hill,dark_peak,"Grade 1 scramble · 60m · Parkhouse Hill

Chrome Hill's sharper little sibling on the Dragon's Back — a short, steep Grade 1 over Parkhouse Hill's limestone teeth; often combined with Chrome Hill.",https://www.ukclimbing.com/logbook/crags/parkhouse_hill-16402/parkhouse_hill_ridge-333846
Red Brook (Kinder Downfall),53.39560,-1.87870,Derbyshire,Grade-1,Kinder Downfall,dark_peak,"Grade 1 scramble · Kinder Downfall · ★★

A Grade 1 scramble up Red Brook, cutting through Kinder's western edge above Hayfield — gritstone steps arriving on the plateau near Kinder Downfall.",https://www.ukclimbing.com/logbook/crags/kinder_downfall-134/red_brook_summer-349476
Ringing Roger (Kinder Southern Edges),53.37985,-1.83963,Derbyshire,Grade-1,Kinder Southern Edges,dark_peak,"Grade 1 scramble · Kinder Southern Edges

Route 36 in Scrambles in the Dark Peak. Follow your nose up the crest.",https://www.ukclimbing.com/logbook/crags/kinder_southern_edges-940/ringing_roger_summer-349477
Shining Clough,53.48480,-1.85350,Derbyshire,Grade-2,Shining Clough,dark_peak,Grade 2 scramble · 100m · Shining Clough · ★★,https://www.ukclimbing.com/logbook/crags/shining_clough-123/shining_clough_summer-345441
Square Chimney (Kinder Downfall),53.39610,-1.87954,Derbyshire,Grade-3,Kinder Downfall,dark_peak,Grade 3 scramble · Kinder Downfall,https://www.ukclimbing.com/logbook/crags/kinder_downfall-134/square_chimney_summer-432650
Torside Clough,53.47240,-1.90280,Derbyshire,Grade-1,Torside Clough,dark_peak,"Grade 1 scramble · Torside Clough · ★

A long Grade 1 clough scramble up Torside Clough onto Bleaklow — easy gritstone steps in an increasingly wild moorland ravine.",https://www.ukclimbing.com/logbook/crags/torside_clough-1204/torside_clough_summer-294693
Torside Gully (Torside Clough),53.47140,-1.90280,Derbyshire,Grade-1,Torside Clough,dark_peak,"Grade 1 scramble · Torside Clough · ★★

Route 19 in Scrambles in the Dark Peak. Gully between two largest buttresses.",https://www.ukclimbing.com/logbook/crags/torside_clough-1204/torside_gully_summer-349458
Upper Red Brook (Kinder Northern Edges),53.40489,-1.86593,Derbyshire,Grade-1,Kinder Northern Edges,dark_peak,"Grade 1 scramble · 90m · Kinder Northern Edges

About 600m west of Nether Red Brook. Follow the bed. Some impressive rocks to negotiate. Dry conditions will enable more sporting lines. In the Cicerone Guide Scrambles in the Dark Peak.",https://www.ukclimbing.com/logbook/crags/kinder_northern_edges-133/upper_red_brook_summer-313717
Wildboar Clough (Rollick Stones),53.48055,-1.87953,Derbyshire,Grade-2,Rollick Stones,dark_peak,"Grade 2 scramble · Rollick Stones · ★

The classic Bleaklow clough: Grade 2 waterfall steps up Wildboar Clough from Longdendale — the best-known scramble in the Dark Peak, sporting in wet conditions.",https://www.ukclimbing.com/logbook/crags/rollick_stones-933/wildboar_clough_summer-110146
Yellowslacks Brook,53.45860,-1.88730,Derbyshire,Grade-1,Yellowslacks,dark_peak,Grade 1 scramble · Yellowslacks,https://www.ukclimbing.com/logbook/crags/yellowslacks-3924/yellowslacks_brook_summer-349460
The Claw (The Exmoor Coast Traverse),51.24540,-3.78370,Devon,D,The Exmoor Coast Traverse,ridges_ewi,"Difficult (easy rock climb) · 236m · The Exmoor Coast Traverse

Notes:



It is worth taking an ice hammer, pegs and marquee stakes or similar ground anchors.  Trainers or boots for the upper section.  Gardening gloves are pretty much mandatory.



Approach:



Begin the approach approx 2 hours before low tide.



Walk to the beach at Heddon's Mouth, and cross the river.  There is currently (Sep 2016) a bar of stones across the river so you don't need to get wet feet here.  You may well do later though.



Ascend easy slabs at the far end of the beach (NOT the ones leading into the collapsing cliff), and either scramble or abseil down the corner to the right  onto the beach below.



Cross the huge block of Highveer Point via easy slabs on the landward side.



Now you need to cross about 650m of ""Bloody Beach"".  The Claw bounds the far end of the beach, and is immediately beyond the tall, thin, rectangular cut ""Hannington's Cave"".



1. Start on a large boulder.  Take a leftward rising traverse on slabby footholds with a horizontal break above for hands and protection.  Alternatively climb a steep corner to the right to a ledge and traverse left.  Continue along the platform and step across to ledges on the main ridge.  Belay below a steep crack.



2. Pull up a couple of steep moves on good holds, then step onto the crest.  Follow the blocky ridge on good rock for about 40m until you reach a grassy ledge.  Nut belay in friable rock.  If you are wearing climbing shoes then change now.



3. Climb 25m or so of lichen covered rock to belay on a grassy ledge under a small outcrop.



4. Pass the outcrop to the left, then swim up brambles for 10m and belay on a yew tree.



5. Follow the steep, vegetated ridge to the right of the tree for about 25m.  At this point you may choose either to continue up the ridge to a belay ahead (5a), or dive into the bramble filled gully described in the guidebook (5b) and try to find a tree belay.



6a-8a. Follow the ridge ahead, then keep going straight up.  Approximately 150m of steep heather, bracken and scree awaits.  No belays will be found but a bit of digging will get you to solid enough soil to place a ground anchor here and there.  Pass the outcrops to the right.  Tree belay on path.



6b. Climb up the corner behind the tree, then break out right and belay at the head of the gully (8m).



7b-8b. Head for the vague crest to the right of the gully, then climb up to find a belay at the square block 20m or so to the right of the outcrops described in (a).



9.  It aint over!  Keep wading until you hit the coast path.",https://www.ukclimbing.com/logbook/crags/the_exmoor_coast_traverse-1242/the_claw-430280
Birchen Clough (The Ravenstones),53.54030,-1.94600,Greater Manchester,Grade-1,The Ravenstones,dark_peak,"Grade 1 scramble · The Ravenstones

Part of Route 1 in Scrambles in the Dark Peak.",https://www.ukclimbing.com/logbook/crags/the_ravenstones-27300/birchen_clough_summer-349439
Charnel Clough (Dovestones Skyline),53.52450,-1.96100,Greater Manchester,Grade-1,Dovestones Skyline,dark_peak,Grade 1 scramble · 120m · Dovestones Skyline · ★,https://www.ukclimbing.com/logbook/crags/dovestones_skyline-8833/charnel_clough_summer-343034
Chew Brook (Wilderness Rocks),53.51125,-1.95913,Greater Manchester,Grade-1,Wilderness Rocks,dark_peak,Grade 1 scramble · 60m · Wilderness Rocks,https://www.ukclimbing.com/logbook/crags/wilderness_rocks-1335/chew_brook_summer-349451
Holme Clough (Standing Stones),53.54330,-1.94320,Greater Manchester,Grade-1,Standing Stones,dark_peak,"Grade 1 scramble · Standing Stones

Last part of Route 1 in Scrambles in the Dark Peak.",https://www.ukclimbing.com/logbook/crags/standing_stones-135/holme_clough-349437
Rimmon Pit Clough (Standing Stones),53.54430,-1.94320,Greater Manchester,Grade-1,Standing Stones,dark_peak,"Grade 1 scramble · Standing Stones

First part of Route 1 in Scrambles in the Dark Peak.",https://www.ukclimbing.com/logbook/crags/standing_stones-135/rimmon_pit_clough-349435
Scramble Option 1 (Alderman Rocks),53.53850,-1.97810,Greater Manchester,Grade-3,Alderman Rocks,dark_peak,"Grade 3 scramble · Alderman Rocks · ★★

Route 2, Option 1 in Scrambles in the Dark Peak.",https://www.ukclimbing.com/logbook/crags/alderman_rocks-1280/scramble_option_1-349441
Scramble Option 2 (Alderman Rocks),53.53775,-1.97737,Greater Manchester,Grade-3,Alderman Rocks,dark_peak,"Grade 3 scramble · Alderman Rocks · ★

Route 2, Option 2 in Scrambles in the Dark Peak.",https://www.ukclimbing.com/logbook/crags/alderman_rocks-1280/scramble_option_2-349442
Scramble Option 3 (Alderman Rocks),53.53775,-1.97883,Greater Manchester,Grade-2,Alderman Rocks,dark_peak,"Grade 2 scramble · Alderman Rocks · ★

Route 2, Option 3 in Scrambles in the Dark Peak.",https://www.ukclimbing.com/logbook/crags/alderman_rocks-1280/scramble_option_3-349443
Trinnacle Chimney (The Ravenstones),53.53930,-1.94600,Greater Manchester,M,The Ravenstones,dark_peak,"Moderate (easy rock climb) · 10m · The Ravenstones · ★

Rockfax: The widening rift that splits the towers is a good easy offering and bags a summit or two along the way.",https://www.ukclimbing.com/logbook/crags/the_ravenstones-27300/trinnacle_chimney-16610
Wilderness Gully East (Wilderness Rocks),53.51125,-1.95767,Greater Manchester,M,Wilderness Rocks,dark_peak,"Moderate (easy rock climb) · 150m · Wilderness Rocks · ★★

Rockfax: An excellent scramble (really quite easy for a Mod). It provides a good winter route under the right conditions though care is required as there have been avalanches here.",https://www.ukclimbing.com/logbook/crags/wilderness_rocks-1335/wilderness_gully_east_summer-18853
Wilderness Gully Far East (Wilderness Rocks),53.51075,-1.95767,Greater Manchester,Grade-1,Wilderness Rocks,dark_peak,Grade 1 scramble · 75m · Wilderness Rocks,https://www.ukclimbing.com/logbook/crags/wilderness_rocks-1335/wilderness_gully_far_east_summer-349445
Wilderness Gully Far Far East (Wilderness Rocks),53.51050,-1.95840,Greater Manchester,Grade-1,Wilderness Rocks,dark_peak,Grade 1 scramble · 60m · Wilderness Rocks,https://www.ukclimbing.com/logbook/crags/wilderness_rocks-1335/wilderness_gully_far_far_east_summer-349447
Wilderness Gully Far Far Far East (Wilderness Rocks),53.51075,-1.95913,Greater Manchester,Grade-1,Wilderness Rocks,dark_peak,Grade 1 scramble · 45m · Wilderness Rocks,https://www.ukclimbing.com/logbook/crags/wilderness_rocks-1335/wilderness_gully_far_far_far_east_summer-349449
Wilderness Gully West (Wilderness Rocks),53.51150,-1.95840,Greater Manchester,Grade-1,Wilderness Rocks,dark_peak,Grade 1 scramble · 130m · Wilderness Rocks · ★,https://www.ukclimbing.com/logbook/crags/wilderness_rocks-1335/wilderness_gully_west_summer-212906
Amphitheatre Buttress (Craig Yr Ysfa),53.15440,-3.95440,Gwynedd,VD,Craig Yr Ysfa,ridges_ewi,"Very Difficult (easy rock climb) · Craig Yr Ysfa · ★★★

Rockfax: A long mountain adventure. Never desperate, with stunning views and varied climbing. The route involves some easy scrambling in the mid-section and isn't sustained, but the short tricky sections are interesting and the entire route is over 300m in length. A huge gully drops away beneath Pinnacle Wall. Start 15m above the toe of the buttress that forms the left side of this. The route is described in sections rather than individual pitches.
1) 130m. Pleasant, pocketed slab climbing leads to a ledge at 30m. More slabs lead to a tricky groove, above which more easy slab climbing leads onto a large ledge beneath a steep wall. 
2) 22m. On the right is the crux groove. A polished corner leads to a large detached block. Continue past this to gain easier ground.
3) 75m. Scramble along paths and vegetated ground to reach the crested ridge.
4) 35m. Traverse the apex of the alpine-esque ridge passing two prominent gendarmes.
5) 60m. Follow the ridge on the right to gain the summit.",https://www.ukclimbing.com/logbook/crags/craig_yr_ysfa-530/amphitheatre_buttress-29162
Atlantic Slab (Carnedd Y Filiast),53.14470,-4.05870,Gwynedd,Grade-3,Carnedd Y Filiast (Cairn of the Greyhound Bitch),british_3_star+ew_classics,"Grade 3 scramble · 240m · Carnedd Y Filiast (Cairn of the Greyhound Bitch) · ★★★

Rockfax: An amazing route with some stunning rock formations. The coarse rock offers great friction. The climbing is relatively straightforward but the route is very exposed and sustained with few large ledges. A rope is advised. Start by the parking spot near the hostel.
Getting to the start - Walk north a short distance and cross a stile on the left to a short boggy section leading to a drystone wall. Follow the right side of the wall - steep at first - until it arrives at some large blocks, one of which is part of the drystone wall, just below the Atlantic Slab. A line of scree leads diagonally up the hillside to base of the route. Make your way up this and the heather to the start of the slabby ridge that marks the right-hand end of the leftmost slab.
1) From its lowest point follow the right-hand edge of the slab. It is best to stay close to the rib for the best exposure and rock. The higher you get the more exposed it becomes. 
2) Eventually the ridge peters out just before the summit ridge. The summit of Carnedd y Filiast is a few minutes' walk away to the left.",https://www.ukclimbing.com/logbook/crags/carnedd_y_filiast_cairn_of_the_greyhound_bitch-499/atlantic_slab-83186
Bastow Buttress Variant (Tryfan),53.11550,-3.99760,Gwynedd,Grade-3,Tryfan,british_3_star,"Grade 3 scramble · Tryfan · ★★★

Rockfax: This is the first scramble you reach on Heather Terrace. It is shorter than others but just as rewarding. It ends short of the summit but can easily be linked into The North Ridge of Tryfan or Notch Arete. Follow Heather Terrace to below Bastow Gully. 
1) Go up Bastow Gully until you can gain and follow the break that leads up and right past an awkward chockstone. Beyond this you reach the rib. 
2) Pass the rib and continue on right to gain the higher of two breaks which leads to a heathery ledge on the crest of the ridge. A small step leads past some blocks on another ledge.
3) Above this, more heather bashing up the side of Bastow Gully leads up to a steepening below the upper ridge. 
4) The left-hand arete is hard, the central heathery groove is too easy but the right-hand rib proves just right. Gain this via a diagonal break to the edge of the rib and ascend the rib, mainly on its left side, to where it rounds off.
5) Head left across more heather to regain the main left-hand rib and climb this overlooking Bastow Gully. If the difficulties prove too much, an easier line can be found to the right.
6) At the top you join The North Ridge of Tryfan which can be used for a continuation or descent.",https://www.ukclimbing.com/logbook/crags/tryfan-491/bastow_buttress_variant-65208
Bristly Ridge (Glyder Fach),53.10530,-4.00840,Gwynedd,Grade-2,Glyder Fach,british_3_star+ew_classics,"Grade 2 scramble · Glyder Fach · ★★★

Rockfax: This classic outing has some great scrambling and is usually climbed in combination with something else. 
Getting to the start - Most start up The North Ridge of Tryfan and down The South Ridge of Tryfan to reach Bwlch Tryfan. You can also make a more leisurely approach up Cwm Tryfan, Heather Terrace or up past Cwm Bochlwyd to reach the same point without any other scrambling. From Bwlch Tryfan, go up a path on the western side that zig-zags up to the base of the buttresses at the start of Bristly Ridge.
1) Just in from the drystone wall is a line of weakness that leads up and right below the base of two gullies. Move back left and climb the left-hand gully which has some sustained sections - this is known as Sinister Gully. The right-hand gully is the harder and looser Dexter Gully and is best avoided.
2) Just before the end of initial buttress, make a tricky move up and left out of the gully to the edge and go up to the top of the buttress. A harder direct option can be taken here.
3) Easy scrambling leads up the more-defined ridge to the first of several pinnacles (the 'Bristles' in the name) which is passed on its right.
4) Continue up the ridge which is straightforward until the larger more dominating pinnacles. 
5) Negotiating these pinnacles provides several interesting sections. At the first, go up and over the pinnacle near its left-hand side as you approach. This leads to an exposed gangway down to Great Pinnacle Gap.
6) The second pinnacle, known as Great Pinnacle, is passed more easily on its right-hand side to another col.
7) From the col, tackle the final steep section of ridge up to the summit plateau of Glyder Fach and a junction with the Eastern Gully of Glyder Fach.
8) Walk up to the summit from here. When you are just past a jumble of large boulders, look back to see the infamous Cantilever Stone.
Descent - Either head down the East Ridge of Glyder Fach or go over the summit and descend y Gribin. Or link-up with other scrambles like Senior's Ridge.",https://www.ukclimbing.com/logbook/crags/glyder_fach-494/bristly_ridge-50994
Bryant's Gully (Glyder Fawr),53.10340,-4.02800,Gwynedd,Grade-2,Glyder Fawr,british_3_star+ew_classics,"Grade 2 scramble · Glyder Fawr · ★★★

Can be more of a waterfall... good fun !

Rockfax: One of the better hard scrambles in this book, with sustained climbing from the start of the gully to the top. Much of the scrambling is within the confines of the gully. It is best enjoyed on a hot dry day as, although south facing, the confines of the gully provide much shade throughout. The rock is often slippy and requires concentration and care not to slip, but it does dry enough to be climbable after a couple of dry days. Take care if there are others on this route since there is a danger of dislodging loose rocks. Park at the small second lay-by on the right of Llanberis Pass. Take the leftward-rising path to the base of a cliff (Carreg Wastad). Just before a small buttress on the path, head straight up towards the base of the gully.
1) Go up a few steps to reach some trees. Continue to an impasse at a smooth moss-covered slab below a chockstone (worth 3+ if climbed direct). 6m below this, a short diversion left out of the gully leads around and back into the gully above.
2) Continue up some steps, passing a few jammed blocks, before a jammed boulder blocks the way again. Climb this on its left on steep juggy holds before a final challenging step leads to a change in angle of the gully.
3) Continue on up to where the walls start to move in again. A tricky step past a jammed boulder leads to an seemingly inescapable alcove.
4) The wall on the right is the only way out and it is scary in the wet. Start a few metres from the back of the alcove and head up and right on small but positive holds to reach a second alcove below some rock columns. 
5) From the second alcove, climb the watercourse to a third alcove. Exit this one up some dark fragile conglomerate rock on the right, 8m out from the back of the bay. 
6) The gully now curves to the right and the rock around you is spectacular and best appreciated from above. Where a rib divides the gully, take the right-hand one to reach a broad gully with orange scree at its base. Care is needed here to avoid knocking rocks down the confines of the gully, so avoid the base of the gully by going up the ribs on its left or right.
7) When the gully peters out, go up to a grassy area - the views from here are incredible. Directly above the gully is the start of a small ridge. Follow this up and then back left to the base of a small cliff. Just to the right of the cliff is a scree-filled gully. Climb this with care to reach the grassy summit of Esgair Felen.",https://www.ukclimbing.com/logbook/crags/glyder_fawr_gwynedd-497/bryants_gully-51042
Central Arête (Glyder Fawr),53.10240,-4.02800,Gwynedd,VD,Glyder Fawr,ridges_ewi,"Very Difficult (easy rock climb) · 200m · Glyder Fawr · ★★

A long, easy VDiff arete up Glyder Fawr's upper cliff above Cwm Cneifion — alpine in feel, usually combined with Cneifion Arete below.",https://www.ukclimbing.com/logbook/crags/glyder_fawr_gwynedd-497/central_arete-34092
Clogwyn y Person Arete (Clogwyn y Ddysgl),53.07800,-4.06780,Gwynedd,Grade-3,Clogwyn y Ddysgl,british_3_star+ew_classics+ridges_ewi,"Grade 3 scramble · Clogwyn y Ddysgl · ★★★

Approach by walking and scrambling up the path from the open wooden bridge crossing the river by the A4086 about a mile up from Gwastadnant.This is the downstream of two neighbouring bridges.Following the path up into Cwm Glas, past the imposing crag of Cyrn Las with the excellent Main Wall climb brings you up to the right of the arête as seen in the photo. The normal grade two route follows the right wall of the gully on the right hand side of the arête pleasantly and with some interest up to the obvious jammed boulder, which can be seen from afar.From here one can forge ahead straight up until the first barrier.A well worn rightwards traverses lead to suitable weaknesses in the defences. The crux is easy to recognise when you find it - a shallow chimney that seems to offer little for the feet. Jugs above, judicially applied pressure with the possible assistance of a toe jam on the right will overcome this without great difficulty. Above this point, the main difficulties are over, unless you take another traverse to the right and find yourself faced with an awkward mantelshelf onto a restricted platform - easier without a rucksack. Eventually, easy ground leads up to join with the main Crib y Ddysgl ridge, from where a circuit of Cwm Glass is possible to the right or a traverse of Crib Goch and descent of its North Ridge is possible. If the latter is taken, take the scree to the left before reaching the end of the ridge - easily previewed from the Clogwyn Y Person Arête during the ascent on a nice day.This is an excellent route mostly on clean rock, with interesting route finding.

Rockfax: This amazing route is a must for the avid mountaineer and is one of the finest grade 3 scrambles in Snowdonia. In combination with reversing Crib Goch and the North Ridge of Crib Goch it is even better. It is sustained and exposed and will challenge your route finding skills.
1) Ascend the gully to gain some ledges on the right wall. Climb past one tricky step, past a wide crack to reach an exposed ledge below a narrow groove. Go up this on jugs to the grassy ledge and move left to below another rock step.
2) Go directly up to reach a much larger grassy ledge. Carry on straight up almost on the crest of the nose to reach another more rocky ledge below an impasse. 
3) Traverse right around the ridge to reach a gully some 10m to the right. The top of this gully leads to another impasse which is passed on the right via a technically demanding groove.
4) At the top of the groove, the ridge eases off. Make your way through a jumble of boulders, spikes and craglets to reach another easing in angle below one last short step in a tight V-groove. This is climbed just to the right via a crack on the right wall.
5) From here the rest is steady and you can stick as close to the crest as you wish. After 300m you reach the junction with Crib Goch and Crib y Ddysgl, just above the knife-edge section on Crib y Ddysgl, at a large round cairn.
Descent - The easiest descent is to turn left and head to Bwlch Coch and head down the gully back into Cwm Uchaf back to the start of the route (overview p.104). However, you can also head over Crib Goch and down the North Ridge of Crib Goch (p.101) to achieve an amazing horseshoe. Finally you can turn right and head over Garnedd Ugain and on to Snowdon's summit or down the Gryn Las Ridge.",https://www.ukclimbing.com/logbook/crags/clogwyn_y_ddysgl-696/clogwyn_y_person_arete-52402
Cneifion Arete (Cwm Cneifion),53.10750,-4.01940,Gwynedd,D,Cwm Cneifion,british_3_star+ew_classics+ridges_ewi,"Difficult (easy rock climb) · 140m · Cwm Cneifion · ★★★

D/SG3. A steep, juggy pitch of moderate climbing and an awkward chimney lead to a superb grade three ridge scramble.  Alpine in character, this route could only be improved if it was longer.

Rockfax: One of the most sought-after routes in the area. Despite the 'Diff' climbing grade, it is also regarded as a classic Grade 3 scramble. All the difficulty is in the first pitch after which much easier scrambling leads up the crest of an exposed rocky ridge. The upper arete gives the route a real alpine feel. Start on the left side of Cwm Cneifion. 
1) Start on the left side of the buttress and climb up steeply on reasonable holds to reach a belay on a small ledge - tricky, but it all gets easier above this.
2) Go up and left to gain a small gully and follow it up and right to the start of the arete proper. Revel in the exposure and delightful climbing all the way to the top. Finish on the 'football pitch' below y Gribin. Pitches not marked.
Descent - Descend from the top right-hand corner of the 'football pitch' back down into Cwm Cneifion. Alternatively, continue up y Gribin and descend via Senior's Ridge or down through The Devil's Kitchen having summitted Glyder Fawr.",https://www.ukclimbing.com/logbook/crags/cwm_cneifion-2157/cneifion_arete-33981
Crib Goch - Crib Y Ddysgl Traverse,53.07600,-4.05407,Gwynedd,Grade-1,Crib Goch,ew_classics,"Grade 1 scramble · Crib Goch · ★★

The knife-edge crest of Crib Goch and its pinnacles continued along to Crib y Ddysgl — the first, most serious half of the Snowdon Horseshoe taken on its own.",https://www.ukclimbing.com/logbook/crags/crib_goch-2032/crib_goch_-_crib_y_ddysgl_traverse_summer-58461
Crib Lem Spur (Llech Ddu Spur),53.15250,-3.99500,Gwynedd,Grade-1,Llech Ddu (Black Slab),british_3_star+ew_classics+ridges_ewi,"Grade 1 scramble · Llech Ddu (Black Slab) · ★★★

The scramble starts above Llech Ddu. Gain it by ascending into Cwmglas Bach then cutting back left along a ramp to arrive above the crag. From here simply follow the ridge up. Some obstacles can be avoided. The ridge soon merges with the summit slopes. Walk up these to reach the top of Carnedd Dafydd

Rockfax: An amazing scramble up a remote ridge that has a real adventurous feel to it. It can be linked with the Cwm Llafar Horseshoe for a full day or you can return down the ridge above Afon Llafar. Although generally north-facing, the spur dries quickly and its popularity has kept the lichen at bay. Start below the crag. Go up towards the left-hand waterfall and wind your way up to the right of Llech Ddu into an upper cwm. Pick out a vague path that leads leftwards towards a small shoulder by a quartz band. Traverse here to the start of the true Crib Lem Spur.
1) Dependent on conditions, you can head up direct (harder) or work back right from just past the base of the spur to gain the top of the first rise (easier, especially in the damp). 
2) Go direct up the rib and either over, or around, the classic table-top.
3) From the table, the ridge steepens up again. Climb it direct to where it starts to peter out. A vague path leads up to the summit of Carneddau Dafydd.
Descent - Go north and pick up the ridge that leads down to Mynydd Du. From the end of this ridge you can pick up the path you used to approach the route. Alternatively you can follow the Cwm Pen Llafar Horseshoe.",https://www.ukclimbing.com/logbook/crags/llech_ddu_black_slab-502/crib_lem_spur_llech_ddu_spur-51006
Crib Y Ddysgl - Crib Goch Traverse,53.07600,-4.05573,Gwynedd,Grade-1,Crib Goch,ridges_ewi,"Grade 1 scramble · Crib Goch · ★★★

Rockfax: Crib Goch is one of the finest ridge scrambles in the UK. It is popular but shouldn't be taken lightly since it has some difficult sections and some very exposed terrain on which even experienced scramblers can struggle. It is best saved for perfect conditions when it is dry and the winds are light. The two hardest sections are the start up the East Ridge of Crib Goch and the first step on Crib y Ddysgl. From Pen y Pass, head to the top right corner of the carpark to where The PYG Track starts. Follow this up across some rocky steps and through boulders before it starts to curve back round to the right towards a steepening. This steepening starts as a flight of rock steps and soon turns back to a rocky path that ascends to Bwlch y Moch. From here leave the main track and follow the path signed 'Crib Goch'. Follow this up a rounded rib passing some rocky steps to reach the base of the East Ridge of Crib Goch.
1) This marks a clear transition from walking to rocky scrambling. On the left side of the base of the East Ridge is a short wall and some flakes. Climb these to pass the initial wall and head right to below another step. See photo right. 
2) A gully in the middle of this leads to another terrace with a wall above. 
3) The smooth corner on the right is the most popular option for this next step. After this the ridge opens out and it is a case of following your nose up the exposed and open rib. The best thing is to stick to the crest where you get the best exposure and a few smaller, easier but exposed steps.
4) Fairly quickly you reach a small bay between the East and North Ridges of Crib Goch, just below the start of the impressive crest of the knife-edge ridge. 
5) Traversing the exposed crest of the ridge is not as hard as what you have done, but it is extremely exposed and inescapable. A fall from here would be very serious so take your time and don't slip. Most people use the crest as a handrail. The true summit comes a little after a quartz band.
6) From the summit, stick more to the left side of the ridge and descend below the first and second pinnacle towards a tight col (the pinnacle's are possible but usually avoided).
7) At the narrow saddle between the second and third pinnacle, move round to the right side of the ridge where a wildly exposed rising gangway leads over the pinnacle and then down more easily to the other side to Bwlch Coch.
Descent into Cwm Uchaf - This is the first point on the ridge where you can escape if you are finding the going too tough, or the weather is changing. The descent right into Cwm Uchaf is the easiest (overview p.104).
8) Continue along the ridge and the path levels out and becomes much easier until you reach the first tower that guards access to Crib y Ddysgl. Don't be tempted to head left and try to avoid the next section since that will lead to difficulties. (See inset topo on opposite page).
9) Climb up and head right along a break to gain the very edge of the tower with views down into Cwm Uchaf. Now follow a hidden ramp up to a notch. Head through this then traverse left to below a bay and climb the steep juggy corner on good holds to the top of the tower.
10) Head along the ridge to gain the base of another exposed rocky knife-edge ridge section. The best way is to stick close to the crest mainly on its right-hand side and head up past some interesting rock polygon formations, similar to the Giant's Causeway. This section can be avoided on the right at a similar difficulty level on looser ground, but with slightly more shelter should the wind have picked up.
11) A large cairn marks the end of this section and the junction with the top of The Parson's Nose coming in from the right. If you are reversing this route, take care not to follow the ridge down to The Parson's Nose since that is definitely not a descent route.
12) From here the ridge continues much more easily and you soon reach the summit of Garnedd Ugain which has a commanding view of Snowdon and the surrounding area. It is often preferable to eat your lunch here since the summit of Snowdon is likely to be busy with crowds that can number in the hundreds around the summit.
13) Descend to the Llanberis Path and follow this left to the summit of Snowdon. 
Descent - Descend The PYG Track or The Miner's Track or The Llanberis Path if you caught a taxi to Pen y Pass.",https://www.ukclimbing.com/logbook/crags/crib_goch-2032/crib_y_ddysgl_-_crib_goch_traverse_summer-50999
Cyfrwy Arete (Cadair Idris),52.69925,-3.90829,Gwynedd,D,Cadair Idris - Penygadair,ew_classics+ridges_ewi,"Difficult (easy rock climb) · Cadair Idris - Penygadair · ★★★

Rockfax: A true mountaineering outing that takes on the ridge that ascends to the spectacularly positioned 'The Table' and then continues to the top of Cyfrwy itself via more exposed and interesting climbing. Although very popular and well travelled, there is still a good amount of loose rock that requires careful handling especially if there are parties below. From Llyn y Gadair go up scree to the left of a band of cliff and then make a long traverse across scree and grass above it to the start of the climb. 
1) 30m. Climb an arete and then move right to climb a corner. Belay above the corner at an easing in angle.
2) 20m. Continue with care up the blocky arete to The Table.
3) 10m. Awkwardly down climb to the notch and then go left to a belay next to a pinnacle.
4) 18m. Climb the rib above the pinnacle via good cracks and holds to a belay at a small pinnacle and ledge. A magnificently positioned pitch.
5) 14m. Climb up onto a big ledge and then up a steep wall via a right-to-left weakness to a large belay ledge.
6) 25m. Move along the ridge to a short chimney that leads up past some wedged blocks to easier ground.
7) 200m. Scramble up the easier section of arete, mainly on its left, to the top.",https://www.ukclimbing.com/logbook/crags/cadair_idris_-_penygadair-13781/cyfrwy_arete_summer-33469
Cyfrwy Arete Variation (Cadair Idris),52.70000,-3.90900,Gwynedd,Grade-3,Cadair Idris - Penygadair,british_3_star,"Grade 3 scramble · Cadair Idris - Penygadair · ★★★

Rockfax: This variation on Cyfrwy Arete has all the appeal and exposure of the parent line but it avoids the tricky crack on pitch 4. From below crack, escape leftwards around the rib and up a slabby gully to rejoin the line above the crack.",https://www.ukclimbing.com/logbook/crags/cadair_idris_-_penygadair-13781/cyfrwy_arete_variation-602546
Daear Ddu Ridge (Carnedd Moel Siabod),53.07300,-3.93400,Gwynedd,Grade-1,Carnedd Moel Siabod,ridges_ewi,"Grade 1 scramble · Carnedd Moel Siabod · ★★

The route begins by Llyn y Foel to the east of Moel Siabod's summit. If approaching by the miners' track from Pont Cyfyng (A5) the bog by Llyn y Foel can be avoided by walking further up to the back of the cwm and taking a convenient terrace around to the start of the ridge.  All difficulties can be avoided by a path or deviations, but a lot of scrambling can be had by seeking out the best rock. The ridge emerges by the trig point.

Rockfax: A great scramble up the sunny south face of the mountain with an excellent outlook. The scrambling is generally easy and any difficulty is mostly avoidable apart from one long and exposed step at the top of the ridge. 
1) The ridge curves up and to the right towards the summit. Follow this as directly as you want, with occasional easy steps, until the scrambling gets a little harder towards the top.
2) The final step is easy but quite exposed. If too exposed then easier terrain can be found to the left of the crest.
Descent - From the summit, go back down the East Ridge of Moel Siabod.",https://www.ukclimbing.com/logbook/crags/carnedd_moel_siabod-1916/daear_ddu_ridge-51005
Dolmen Ridge (Glyder Fach),53.10435,-4.00876,Gwynedd,Grade-3,Glyder Fach,british_3_star+ew_classics+ridges_ewi,"Grade 3 scramble · Glyder Fach · ★★★

Mostly a grade 2 scramble

Rockfax: Dolmen Ridge is the final part of the Glyder Fach trilogy and is one of the most sought after scrambles in North Wales. The crux is exposed and on immaculate rock but its seriousness has given the route an air of notoriety.
Approach - Go right underneath Alphabet Slabs. Continue along the base of the crag passing below East Gully and past West Gully. This defines the right edge of The Dolmen Buttress, where a Quartz band arcs across the lower wall.
1) From below the quartz band, scramble up to the right side of the gully, heading diagonally rightwards away from the gully on well-travelled ground. After 20m or so, start to zig back up and left to reach the rib of the gully. 
2) Ascend the stepped ribs to easier ground and trend right before heading up to a grass/scree bay just above a narrowing of the gully. From here you should be able to see where the route traverses left along a rampline to reach the crest of the Dolmen Buttress.
3) Traverse out left from the gully along a rampline to gain the left arete of Dolmen Buttress almost half-way up it by some small spikes. 
4) The next section is one of the hardest and most sustained in this guide but the rock is immaculate. The line follows a well-travelled slabby groove to the top edge of the buttress. 
5) From here, go up the ridge past the Dolmen (a rock balanced on others like a burial cairn). Carry on up following your nose as the terrain is generally easier clambering over boulders.",https://www.ukclimbing.com/logbook/crags/glyder_fach-494/dolmen_ridge-57029
Dolmen Ridge Direct Start (Glyder Fach),53.10469,-4.00921,Gwynedd,Grade-3,Glyder Fach,british_3_star,"Grade 3 scramble · Glyder Fach · ★★★

Rockfax: The direct start to Dolmen Ridge adds a little more difficult climbing before reaching the main buttress. Start just to the left of West Gully.
1) Move up and left through broken, rocky and grassy ground to reach a grassy bay below the steep twin-pinnacled tower.
2) From the bay to the right, step up onto a ledge below the pinnacles. A hard and committing pull up on positive holds leads to a sloping platform. 
3) Cross the sloping grassy and quartz bay to the bottom right edge of Dolmen Buttress above you. 
4) Move right into West Gully and then head up to gain the line of Dolmen Ridge.",https://www.ukclimbing.com/logbook/crags/glyder_fach-494/dolmen_ridge_direct_start-602541
East Gully Ridge (Glyder Fach),53.10511,-4.00905,Gwynedd,M,Glyder Fach,british_3_star+ew_classics+ridges_ewi,"Moderate (easy rock climb) · Glyder Fach · ★★★

Start to the right of alphabet slab inside east gully left wall where streaks of quarts are climb up to the rib overlooking east gully

Rockfax: Classic hard scrambling on the Glyder Fach - North Face. Start to the right of the Alphabet Slab just left of East Gully. 
1) Go up into the gully to where it becomes steep and damp. Move out left along a seam of quartz, which leads strenuously to a small ledge and spike belay. 
2) Step right and head up through steep terrain, meandering around to find the easiest line, to reach a much larger terrace. This point can be gained by traversing in from Main Gully, if this looks too hard, as the rest of the route is easier.
3) From below a ridge, take the tricky right edge to a notch below a thinner rib. Climb this on good holds for 30m to a level area. 
4) Above are some blocks. Clamber over these for 10m to a another notch, by some piled blocks.
5) Jam up the short hand-crack to get stood on a spike at its top. Head up and left to a narrow ledge. The climbing eases here and leads you to a block belay below a notch.
6) Above you converge with Main Gully Ridge as it comes in from the left, and just above you merge with East Gully.",https://www.ukclimbing.com/logbook/crags/glyder_fach-494/east_gully_ridge-538108
East Ridge of Y Garn,53.11560,-4.04740,Gwynedd,Grade-2,Y Garn,ew_classics+ridges_ewi,"Grade 2 scramble · Y Garn · ★★

Rockfax: A good route with an excellent start and finish. The initial ridge has some fantastic quartz nodules, but it can be avoided.
1) The blunt ridge is climbable in many places. Pick a route and climb the quartz nodules to reach a steeper buttress.
2) A gangway takes you right to an exposed traverse to gain some flat insecure holds heading up a depression. Alternatively, climb the steep juggy groove on the left at grade 3. 
2a) Avoid this section altogether by following grassy ledges to the left of the ridge.
3) Above the initial buttress, the going is easier with a few steps which can be taken or avoided as you desire. Before too long you reach the hanging cwm where you head up and left towards the main tower.
4) The tower is short but exposed. Avoid the direct start by heading round the left side before going up, returning to the crest of the ridge as soon as you can. 
5) Follow the ridge in an exposed position to where it levels out just before the top.
6) A final obstacle is overcome via some cracks and a corner on the right. Follow the edge round to the summit of Y Garn.
Descent - Go down the Northeast Ridge of Y Garn or drop back in the other direction down The Devil's Kitchen (p.182).",https://www.ukclimbing.com/logbook/crags/y_garn_gwynedd-2873/east_ridge_of_y_garn-51008
Idwal Buttress (Cwm Idwal [Idwal Slabs]),53.10940,-4.02540,Gwynedd,Grade-2,Cwm Idwal [Idwal Slabs],ew_classics,"Grade 2 scramble · 400m · Cwm Idwal [Idwal Slabs] · ★

Ref ""North Wales Scrambles"" by Garry Smith: starts on slab to the right of Idwal Staircase.  At the top of this slab, walk up the grassy section to start the next slab, heading through the quartz bands to the notch at the top of the slab



(Also listed as a Diff climbing route)",https://www.ukclimbing.com/logbook/crags/cwm_idwal-496/idwal_buttress-462452
Idwal Staircase/Continuation (Idwal Slabs),53.10990,-4.02540,Gwynedd,Grade-3,Idwal Slabs (aka Cwm Idwal),british_3_star,"Grade 3 scramble · Idwal Slabs (aka Cwm Idwal) · ★★★

Rockfax: This route has an atmospheric start up the initial gully staircase, although the better section is the upper wall. Start in the damp confines of the gully to the right of the slabs below some intimidating rock formations on the right wall.
1) Climb the gully (nearly always damp) to where it opens out, then go up to a more defined grassy terrace and traverse left to below another buttress.
2) Go up towards a large spike at about 12m and then start following a line of weakness up and right. Where the angle of the rock eases, aim for the tower with a steep wall of striated cracks on the left above a stepped rampline leading up below the steep wall.
3) From the base of the steep striated wall, go up the stepped rampline. Here you may want to go direct up the corner, but is often too hard. Instead step around the rib on the right before heading up and left to a grassy terrace.
4) Move left along the terrace to where the way ahead is blocked by a series of small rock steps and scramble over these to a grassy knoll/shoulder about 30m above Cwm Cneifion.
Descent or continuation - Continue up Senior's Ridge or Cneifion Arete. You can also walk off down from Cwm Cneifion.						© Rockfax

UKC Logbook Description

Begin to the right of the main slabs up the overhung black gully. A stream nearly always runs down this. Climb up using small ledges as footholds and step left at a jammed boulder. Continue to emerge on open ground. Walk up aiming for some vaguely orange rocks just left of a vegetated gully. Pick any line and scramble up. Terraces allow lateral movement to avoid difficulties but some steps are tricky and exposed. Keep scrambling to come out on Seniors' Ridge.",https://www.ukclimbing.com/logbook/crags/idwal_slabs_aka_cwm_idwal-496/idwal_staircasecontinuation-50983
Little and North Gullies (Tryfan),53.11500,-3.99843,Gwynedd,Grade-1,Tryfan,ew_classics,"Grade 1 scramble · Tryfan · ★★

Starts on Heather Terrace, 20m beyond North Gully a path leads up to a small gully (Little Gully). Climb several easy gully pitches then follow a path leading into North Gully, overcoming one step. Go up the gully using rock on the right to gain the Amphitheatre below the summit. Climb the last narrow gully section and climb out (left) onto the North Ridge.

Rockfax: A gem of a route. On first acquaintance it seems impossible for the grade, but somehow manages to avoid any hard scrambling all the way to the summit where it tops out between Adam and Eve! An added bonus is that once you have climbed it once, it makes a good descent route from the summit for the other routes. Follow Heather Terrace to below North Gully. About 10m further along is a large boulder and just past this is a path leading to a grassy platform above. At the top left of this platform is a groove - this is the start of Little Gully. 
1) Climb up the groove and escape right when the going gets tough to a short exposed section before you rejoin the gully. Several more steps in the gully are taken direct.
2) At the top of the last step, the path flattens off and starts to head towards the now more open North Gully above its unpleasant bottom section. Make your way across the gully and follow a track below a wall on the right to gain the upper bay where you meet the grassy track of the Eastern Terrace that heads out left below a headwall.
3) Follow the path into the broken rocky gully on the left which has a single steep step at its top. You are now on a prominent shoulder just below Adam and Eve on the summit of Tryfan. 
4) Head round and to the left, to below a long thin slab split by a crack that leads back up and right to the summit.",https://www.ukclimbing.com/logbook/crags/tryfan-491/little_and_north_gullies-50977
Lliwedd Traverse to Snowdon (Y Lliwedd),53.05915,-4.05618,Gwynedd,Grade-1,Y Lliwedd,ridges_ewi,"Grade 1 scramble · Y Lliwedd · ★★★

Rockfax: A real gem of a route. It has a scrambling grade but it only just warrants it and, on the section on the descent to Bwlch Ciliau, you can avoid the scrambling by keeping to the left of the rock. The summit ridge is very exposed on one side with one of the largest cliffs in Snowdonia below you, but the hillside leads gently down to the Gwynant Valley on the other. 
1) From Pen y Pass carpark, walk due south to join the start of The Miner's Track. Follow this round the hillside past Llyn Teyrn to just before the causeway across Llyn Llydaw. 
2) Turn left off The Miner's Track towards a pump house at the edge of the lake and follow a smaller path across some bridges before the path turns left and up the hillside.
3) After 200m the path flattens out over a small knoll before continuing up and across the hillside to a short rocky section that leads up to the Lliwedd ridge line. The easiest way to breach this is to walk below the final steepening to a small gully that leads up the right side of the rock before the hillside turns more broken and heathery.
4) From the ridge, follow the more distinct path along and over Lliwedd Bach, beyond which you see Lliwedd in all its glory. A short scramble leads up to the east peak.
5) Easy walking takes you over west peak and onto more complex terrain down to Bwlch Ciliau. The easiest way off is to the south of the main ridge (see inset right) where you can avoid the rocky steps via a path. You can also descend the ridge proper, which is grade 1. 
6) From Bwlch Ciliau, join the Watkin Path where the path now flattens off and more or less contours to Bwlch y Saethau.
7) Beyond here the path becomes harder going as it picks its way across the screes of the South Face of Snowdon. This is the scene of several accidents a year and care is needed. The path terminates at a finger stone on the South Ridge where it is a short walk to the top.
Descent - Either reverse the route or head down The PYG Track or The Miner's Track (p.88) to get back to Pen y Pass. If you reverse the route, it is important not to descend straight down from the summit but head down the South Ridge to the finger stone that marks the start of traverse across the South Face.",https://www.ukclimbing.com/logbook/crags/y_lliwedd-1214/lliwedd_traverse_to_snowdon-51032
Main Gully Ridge (Glyder Fach),53.10469,-4.00759,Gwynedd,Grade-3,Glyder Fach,british_3_star,"Grade 3 scramble · 70m · Glyder Fach · ★★★

Also listed as a moderate rock climb in the Climbers Club Ogwen guidebook.

Rockfax: A pleasant short and technical route that takes on the blunt arete to the right of Main Gully. Start by walking up to the left of the prominent triangle of the Alphabet Slab to below the gully. Start up main gully and, before it gets steep, go right along a terrace across the top of the Alphabet Slab. 
Direct Start - The climbing route Beta (3+) Gains this point via the Alphabet Slab for those with more experience.
1) From some spikes, make a rising traverse rightwards to gain a block on the edge of the ridge. A move onto a second block leads onto a grassy area.
2) Take the left side of the grassy area to a level area on top of an embedded plinth. 
3) Direct above is an impasse, so go right up the rift then exit up a chimney to gain East Gully Ridge for the last few moves, then on to East Gully.",https://www.ukclimbing.com/logbook/crags/glyder_fach-494/main_gully_ridge-58492
Nantlle Ridge,53.03630,-4.18370,Gwynedd,Grade-1,Nantlle,british_3_star+ridges_ewi,"Grade 1 scramble · Nantlle · ★★★

A superb linear ridge traverse over the peaks west of Yr Wyddfa — Y Garn, Mynydd Drws-y-coed and Trum y Ddysgl — with short, airy scrambling sections and huge views over the Nantlle valley. Usually done with a two-car or bus return.",https://www.ukclimbing.com/logbook/crags/nantlle-3151/nantlle_ridge-52399
Needle's Eye Arete / North Arete (Foel Goch 831m),53.13030,-4.05130,Gwynedd,Grade-3,Foel Goch 831m (Glyderau),ridges_ewi,"Grade 3 scramble · 331m · Foel Goch 831m (Glyderau) · ★

Approach from Ogwen Cottages along the old Nant Ffrancon Road. Follow the footpath from the bridge diagonally across the hillside to the base of the cliff.



The scramble starts just to the right of the obvious East Gully (SH 635 612) at a large quartz topped buttress. Continue up, following the ridge line. At times intimidating steep walls appear which can all be skirted if chosen. Be wary of the significant exposure as you look over East Gully if sneaking around to the left. 



The ridge peters out into a grassy shoulder but don't loose focus as a final bit of harder scrambling up and around a fin of rock finishes the route. If wanted, this can be skipped by following the faint track leading rightwards.

Rockfax: An esoteric and adventurous line up a remote buttress. Care is needed with loose rock and this should only be attempted by experienced parties in dry conditions. From the parking, go diagonally right up the hillside to just before a gully with the remains of a drystone wall on the other side of the gully. Zig-zag up the hillside until you can cut across to the base of a scree shoot. Cross the fence and follow it up the right side of the scree. Cut across to gain a grass/heather rib on the left side of a prominent V-gully of scree. Ascend the rib to a path and traverse left on this briefly. Then head up another grassy rib to between two small buttresses of rock. Go up the gully in between to below a smaller buttress with a quartz plate on it.
1) Directly above is the arete, but the route starts up the gully to its right. Head right over a spur and descend 20m down and right to another spur at the base of a left-trending gully.
2) Gain the gully from the left via a short exposed step. The gully is rather dank. When possible head up and left to the rib below a steepening. Grovel to the right round this below an overhang to reach a heathery runnel that heads back up towards the rib to a notch. This section to the notch is adventurous with few runners or belays and is best tackled with a 50m rope. 
3) The climbing improves from here. Go up the slab to the exposed rib and cross this and the arete to reach a hole in the rock. The 'Needle Eye' which makes a great thread belay. 
4) Above this sanctuary it feels like the rock is akin to a giant Jenga stack but, despite this appearance, the blocks seem fairly well keyed-in. An easier but less satisfying option is traversing left from the needle across the heather before a short step regains the arete.
5) Continue up the arete past another step before tackling some pinnacles. After a further couple of steps the arete blends into the hillside and the scrambling comes to an end. 
Descent - Carry on up the main ridge to the summit of Foel-goch. From here you can descend back via Llyn y Cwm and The Devil's Kitchen. Alternatively, follow a rib down and to right (facing out) to just below the North East Ridge of Y Garn then traverse back across to gain the approach walk.",https://www.ukclimbing.com/logbook/crags/foel_goch_831m_glyderau-9534/needles_eye_arete__north_arete-444949
Nor' Nor' Buttress Variant (Tryfan),53.11535,-3.99701,Gwynedd,Grade-3,Tryfan,british_3_star,"Grade 3 scramble · 200m · Tryfan · ★★★

Rockfax: Another plumb line of the East Face. Follow Heather Terrace to the base of Nor' Nor' Gully. 
1) From the base of the gully, climb up the chimney crack on the right - hard to start and reaches a ledge. Continue up and right along a narrow ledge on a slab and head up to a heathery ledge.
2) Continue up rock near the rib that almost overlooks Nor' Nor' Gully. Go past a couple of small ledges to reach a more open heather area. Just below where it gets steep and more like rock climbing escape left into Nor' Nor' Gully. That upper rib on the right you are avoiding can be climbed at Diff.
3) Head up the gully keeping to the right over scree and then more rock and heather. Pass to the right where it forks to reach a slab boulder. Make an awkward move over the slabby boulder then be careful not to miss the exit rightwards from the confines of the gully over some wedged blocks to enter a chimney cleft. This brings you out on the rib above the hard section.
4) Move up and around to the top of the pinnacle that makes the right side of the cleft and then step across the cleft you have just climbed from its top. Now continue more or less direct up the buttress to the Eastern Terrace. 
5) You can either head up the gully to gain The North Ridge of Tryfan or follow the Eastern Terrace left. You can also go back down the Eastern Terrace to join The North Ridge of Tryfan below the North Tower for a good link-up.",https://www.ukclimbing.com/logbook/crags/tryfan-491/nor_nor_buttress_variant-65209
North Ridge (Crib Goch),53.07550,-4.05490,Gwynedd,Grade-2,Crib Goch,ew_classics,"Grade 2 scramble · Crib Goch · ★★

the fine ridge narrows and steepens as it climbs.

Rockfax: This way of reaching Crib Goch is a little scrappier than the standard East Ridge approach, but it does offer slightly more demanding scrambling and extends the knife-edge feel of the experience. Used as a descent in combination with an ascent of The Parson's Nose and the traverse of Crib Goch makes for one of the more intense and extreme scrambling horseshoes in Snowdonia. From the lay-by by the Cromlech Boulders half-way up the Llanberis Pass, walk up the road and across the Pont y Gromlech bridge. Head through the gate on the right and follow a path up below a small craglet to a gully at its right-hand end and a stile over a drystone wall. 
Follow the path over a knoll, heading towards Pen y Pass. At another stile over the next drystone wall, turn right and head uphill towards another stile over a drystone wall between two more craglets. Follow the path up and right out of the bay.
Continue in the same direction, following your nose either around or over some craglets. The path becomes a little indistinct, but as you head into the open bay of Cwm Beudy Mawr, it cuts back right over the top of a slab of rock. Wind back up to the left to reach the base of the prominent rocky scree of the North Ridge of Crib Goch.
A more distinctive path leads up through the red scree to gain the start of the rocky ridge. The views down the Pass are breathtaking, so don't forget to turn around to take it all in.
1) The ridge carries on gently for a few hundred metres before it turns steeply up towards the main ridge of Crib Goch. Care is needed here as the rock is slightly loose and untravelled, but in the main it is fine. The line weaves from one side of the ridge to the other, but generally hugs the crest throughout to its junction with the main Crib Goch ridge.
Descent - Either turn left and descend the East Ridge of Crib Goch, or carry on along Crib Goch and Crib y Ddysgl. If you need to descend back to the car by the Cromlech Boulders then following the Gyrn Las Ridge down from the summit of Garnedd Ugain is the best option to make a more substantial circular walk.",https://www.ukclimbing.com/logbook/crags/crib_goch-2032/north_ridge_summer-157137
Notch Arete (Tryfan),53.11450,-3.99760,Gwynedd,Grade-3,Tryfan,british_3_star,"Grade 3 scramble · 127m · Tryfan · ★★★

Rockfax: An amazing route that is worth seeking out as part of a link-up. It starts way up the West Face which is most easily reached by following The North Ridge of Tryfan to just below the North Tower and then scrambling down and right until below the arete. Then scramble up and right either direct (hard), or traverse right into the gully and then cut left to the large platform where the true arete starts. Use this right-hand approach for V Arete and Y Gully.
1) From the left-hand end of the platform, climb up to the left of the chimney to gain a ledge and blocks. 
2) Go straight up to the arete above. Follow this direct in about four pitches. Some of the finest scrambling in Snowdonia.
Continuation - Go up or down North Ridge of Tryfan .",https://www.ukclimbing.com/logbook/crags/tryfan-491/notch_arete-192238
Pinnacle Rib Variant (Tryfan),53.11465,-3.99819,Gwynedd,M,Tryfan,british_3_star,"Moderate (easy rock climb) · 165m · Tryfan · ★★★

Scramblers' variant of Pinnacle Rib, avoiding the Yellow Slabs and Thompson's Chimney.

Rockfax: This is a scrambling variation to Overlapping Ridge Route. This variation avoids the Yellow Slab and Thompson's Chimney. The scramble offers sustained climbing with good rock and plenty of opportunity for belays. Its initial pitch is best avoided in damp conditions. Follow Heather Terrace to below the South Gully. Start 5m right of South Gully and 10m left of where 'FPR' scratched into the rock below a clean V-groove. Take care since 'FPR' is also etched deeply at the base of Pinnacle Rib Route to confuse matters. 
1) Climb the V-groove which is hard and sustained until about half way up - here you can escape onto the right rib. Climb this to a ledge which allows you to regain the groove which is then followed to its top.
2) From the belay at the top of the groove, trend up and right over polished rock, going left of a perched block, and then heading up to the infamous pinnacle. 
3) The Yellow Slab goes up behind this. For this version, go right to an open groove and climb this trending left at the top to reach easier ground. 
4) Follow the curving rib to easier ground and a shoulder below and left of the cleft of Thompson's Chimney. Avoid this by skirting right on an easier near-walking route that zig-zags to the top of the chimney and the Eastern Terrace traversing path. Follow this until under the summit.
5) Either take the short hand-crack up to the summit, or head left to where Little and North Gullies goes up and right on a slab to the summit.",https://www.ukclimbing.com/logbook/crags/tryfan-491/pinnacle_rib_variant-487431
Pinnacle Ridge Route (Craig Braich Ty Du),53.13770,-4.01410,Gwynedd,VD,Craig Braich Ty Du (Pen yr Ole Wen),ridges_ewi,"Very Difficult (easy rock climb) · 101m · Craig Braich Ty Du (Pen yr Ole Wen) · ★★

A four pitch climb with easy access from the road and fun and interesting moves. 1) 30m. Start on a slabby rib which has PR scratched onto it, about 50m? up from the road. Delicate start on small holds. Some tricky moves if in boots. Awkward move into a groove formed on the side of a large block to a possible belay (good, we used it). Or continue more or less straight up and belay on a ledge with spike belays. (This might be the same thing - guidebook is a little confusing)

2) 22m. Continue up a groove for 10m to a heather terrace. Scramble up to reach a sloping heathery ledge with spike belay.

3) 23m. Traverse up and right over heather and rock to just below the continuing ridgeline. (Possible belay if rope drag is a problem.) Good holds lead up to the ridge and a ledge with spike belay.

4) 23m. Climb up to a small ledge below the first pinnacle. (The grade 2 scramble enters from the right about here.) Climb the 3m wall using big flaky holds to end up at the base of the first pinnacle. Climb up and over the pinnacles. (Getting down the first pinnacle's other side is tricky for the short. Can avoid it easily, but it is fun!) After the second big slender pinnacle, climb up a rocky step to a heathery grassy shoulder.



Looked for the loose block previously mentioned on pitch 2.  Could not see it presume someone has removed it.  Good 1st pitch, great atmospheric 4th pitch!

Rockfax: A fun outing that lies close to the A 5 and catches sun for much of the day. The first pitch has lovely rock and the final traverse negotiates some interesting gendarmes not unlike an alpine ridge. Start at the base of the ridge close to the letters 'PR' scratched in the rock.
1) 40m. Follow the right-hand of the two ribs on wonderful clean rock to a steep blocky section that leads to a heathery terrace. This point can be reached by a Grade 2 scramble from the right.
2) 15m. Follow easier ground to a good spike belay on a ledge.
3) 22m. Traverse right and climb the ridge to another ledge.
4) 20m. Follow the crested ridge on its left-hand side for the VD (Grade 2 scramble on right side) to gain easy ground.",https://www.ukclimbing.com/logbook/crags/craig_braich_ty_du_pen_yr_ole_wen-525/pinnacle_ridge_route-38373
Porcupine Ridge (Craig Braich Ty Du),53.13870,-4.01410,Gwynedd,Grade-3,Craig Braich Ty Du (Pen yr Ole Wen),british_3_star,"Grade 3 scramble · Craig Braich Ty Du (Pen yr Ole Wen) · ★★★

Start from top of Pinnacle Ridge. Looking up, Porcupine Ridge is the left of two buttresses in front of the summit when looking up to the skyline. From the starting point, ascend the steep, wet gully on the left of the large Buttress above. Continue past some smaller, mossy, heathery lumps to the cleaner rock ridges above. The route begins in the middle of the first few ""spines"", and gains the broken triangular face. 



The full route description can be found in Steve Ashton's revised 2017 scrambling guide as ""Route 2 Braich Tŷ Du Face"".

Rockfax: An amazing ridge with maximum excitement only spoilt by a rather long and winding approach. The upper section is best saved for a clear day since it is very difficult to find in poor visibility. The scrambling is pretty sustained and a rope is recommended as there is some loose rock and the climbing is exposed. Complete Pinnacle Ridge. Then go halfway up a heathery gully. Traverse left to the ridge and stomp up the heather to where it eases. A short easier section of scree leads to a path traversing left. Follow this briefly and then go back up and right until you can see a way across into a bay below a short buttress. Go left of buttress and back right above it via a grassy ridge. Trend down and right towards the start of another prickly ridge.
1) Scramble up the ridge over some spines. As this turns into a more defined ridge the difficulty increases. 
2) At a difficult section, go up and over the ridge on the right into a bay with a chaos of boulders. Then carry along the ridge to a short triangular wall that blocks the way. 
3) The right arete of this is easiest and care is needed to protect the second when you head along the ridge to a much more formidable impasse.
4) On the left is a ramp with a very long spike, which provides a good belay and the way upwards onto an open slab that is followed to another tower that blocks the way. 
5) Go right around the tower - lower is better - to a tight gap in the ridge. Pass through this and belay on a slab below a wall. 
6) The crux wall is technical and sustained. Climb it along a slight left-trending line to its top. 
7) The sharp ridge continues briefly, but all to soon turns into a heathery rib on the flanks of Pen yr Ole Wen. Join the main Southwest Ridge of Pen yr Ole Wen at its end.
Descent - Go up or down the Southwest Ridge of Pen yr Ole Wen. You can also descend the East Ridge of Pen yr Ole Wen and then walk back along the shores of Llyn Ogwen to the car.",https://www.ukclimbing.com/logbook/crags/craig_braich_ty_du_pen_yr_ole_wen-525/porcupine_ridge-584293
Senior's Ridge / Crib y Clogwyn Du (Cwm Idwal [Idwal Slabs]),53.11040,-4.02540,Gwynedd,Grade-1,Cwm Idwal [Idwal Slabs],ew_classics,"Grade 1 scramble · Cwm Idwal [Idwal Slabs] · ★★

This ridge separates Cwm Idwal from Cwm Cneifion. Approach along the path from Cwm Idwal or by a climb/scramble on the Idwal Slabs. A path attempts to avoid the rock and many scrambling lines are possible. There are steep walls to the right of the crest that offer grade 2 and 3 options but some of the rock is loose/vegetated. The ridge finishes on Glyder Fawr's summit plateau.

Rockfax: Senior's Ridge is an open scramble with a couple of hard steps interspersed by easy walking. It is a great way up Glyder Fawr, but as a scramble it lacks continuity. The base of Senior's Ridge can be reached from Cwm Cneifion, but in dry conditions Senior's Gully or the Indirect Start to Senior's Ridge make a good start at comparable grades. The route starts in the back of Cwm Cneifion, at the top of Senior's Gully, by a large prominent boulder. This boulder has some pockets and gives some good scrambling. 
1) Go up and right along a small path to a grassy plateau, where a high traverse line takes you back left across the tops of some slabby rocks. At the end of the traverse a path zigs back right and over a rock step before heading into a grassy bay.
2) The best scrambling is up the groove in the blunt left rib. This is gained by heading up and left from the grassy bay, across a short rock slab, to reach the base of a long (but well featured) groove. At the top of this rock step, follow a path up and right. 
3) The path eventually swings up and left just before a rock step. This step is avoidable by taking the path to its left but it does offer some fun (if exposed) scrambling if you take it. 
4) To climb the rock step, stop at the short wall and go over to a small groove and climb this briefly before heading right where there is an exposed drop. Go round here and then back up left to the higher buttress where a long but reasonable scramble takes you up featured rock to arrive back on the grassy hillside.
5) At the top, rejoin the path as it heads up and left away from the edge of the cwm towards the summit plateau. In poor visibility, navigation to the top of Glyder Fawr requires challenging walking on a bearing.
Descent - Go back down y Gribin or by reversing Glyder Fawr via The Devil's Kitchen.",https://www.ukclimbing.com/logbook/crags/cwm_idwal-496/seniors_ridge__crib_y_clogwyn_du-50998
Sentries Ridge (Craig y Bera),53.06330,-4.17280,Gwynedd,Grade-3,Craig y Bera,british_3_star+ew_classics+ridges_ewi,"Grade 3 scramble · Craig y Bera · ★★★

Easy climbing and scrambling leads up a pinnacled ridge towards the summit of Mynydd Mawr. Watch out for loose rock.

Rockfax: A stunning ridge that is a good companion to its harder left-hand neighbour taking in similar ground. The blocky nature of the rock means there can be some loose holds. Start from the base of the right-hand ridge.
1) From the toe of the ridge, avoid the initial steep wall up slippery scree on the right and go back left above it. 
2) Once on the ridge follow it upwards as it narrows to a section with some spectacular gendarmes that guard the way. 
3) The ridge carries on past a few more exposed pinnacles before arriving at a grassy col. 
4) The tower above can be climbed direct which is quite exposed. Alternatively you can step right into the heather gully on its right-hand side.
5) From here, the scrambling is easy enough to follow to the grassy top-out where a small path leads to the main track. Turn left for the summit or right to descend.
Descent - As for Pinnacle Ridge Variation.",https://www.ukclimbing.com/logbook/crags/craig_y_bera-2587/sentries_ridge-41516
Shark Buttress (Glyder Fach),53.10435,-4.00804,Gwynedd,Grade-3,Glyder Fach,british_3_star,"Grade 3 scramble · Glyder Fach · ★★★

Aka Shark Pinnacle (Hawks Nest Buttress Scramble)

Grade M / 3

Rockfax: Shark Buttress is one of the big three routes of Glyder Fach. Its eponymous pinnacle looks like a shark's head, frozen in geological time, breaching the cliff face. A great photo opportunity and a must for anyone's Insta-Face-Tweet! 
Start up Main Gully and, before it gets steep, go right along a terrace across the top of the Alphabet Slab past East Gully and carry on traversing the grass break to the next steep buttress. 
1) Head boldly but easily up to a ledge at the base of the left arete of the steep buttress. 
2) Go up and right across the slabs to reach a small ledge and traverse this right to a niche by some blocks. Carry on shuffling right to gain a narrow ledge/trench above a large flake. 
3) Tricky moves up a smooth slab lead quickly to a grassy ledge below the right arete of the steep buttress.
4) Go up the gully on the right side of the buttress for a few metres to where a corner leads you back left onto the crest. An awkward exit leads to a small bay below a smooth groove with a couple of cracks. 
5) Climb the groove to a spike. Stand on it and arrange a sling before summing up the courage to make a bold step out left to the edge of the buttress. Easier moves lead to below the Shark's Jaw pinnacles that rise up above you. 
6) Gain the pinnacles by an easy scramble to the right. Photo opportunity. To reach the top climb the side facing the mountain before a careful sliding descent.
7) The next step is easier than it first appears. The easiest way is to gain the grassy gully on the left and go up here until you can trend up and right to regain the buttress. 
8) Go straight over some tricky steps to reach a large grass terrace with a short but hard-looking quartz-riddled step. This can be passed on the left or direct. 
9) Above is a large perched pinnacle. Pass through this steepening just to the left of the looming pinnacle.
10) Continue up the ridge that becomes more prominent from the hillside, to eventually traverse its crest before the ridge disappears into a more open rocky hillside. A short easy scramble leads more or less direct to the summit plateau of Glyder Fach just below the true summit.",https://www.ukclimbing.com/logbook/crags/glyder_fach-494/shark_buttress-58491
Slanting Buttress Ridge Route (Y Lliwedd),53.05915,-4.05762,Gwynedd,D,Y Lliwedd,ridges_ewi,"Difficult (easy rock climb) · Y Lliwedd · ★★

A long Diff mountaineering ridge up Y Lliwedd's Slanting Buttress — big, atmospheric Snowdon Horseshoe rock at a gentle standard.",https://www.ukclimbing.com/logbook/crags/y_lliwedd-1214/slanting_buttress_ridge_route-29156
Sub-Cneifion Rib (Sub Cneifion Rib),53.10930,-4.02100,Gwynedd,VD,Sub Cneifion Rib,ridges_ewi,"Very Difficult (easy rock climb) · 125m · Sub Cneifion Rib · ★★★

Over to the left of Idwal Slabs past the descent route, on its own buttress. 4-6 pitches. Excellent, sustained climbing between good belay ledges. The long traverse pitch rightwards to reach the right arête is more of a walk/easy scramble.

Rockfax: An immaculate trip following the beautiful barrel on perfect rock. Large belay ledges and easy escape options make this route feel less committing than its Idwal Slab neighbours. The line seeks out the best rock on the buttress. A great day can be had by climbing with you gear and walking right at the top to tackle Cneifion Arete.
1) 30m. A 3-star pitch in its own right. Start below the pointed boulder and follow the groove, crack, then slab, to the bulge. Pass this on the left (tricky) and finish up the slab to a large belay ledge.
2) 35m. Wander left easily to reach the next true section of climbing. Take the broad rib direct via a crack to reach the rounded top.
3) 25m. Scramble rightwards to belay below the small roof in the right arete of the rib.
4) 35m. A fitting finale. Rock around the nose to a scoop. Head up and left on the front of the pillar then finish up the crack. An easier finish can be had to the right.",https://www.ukclimbing.com/logbook/crags/sub_cneifion_rib-12238/sub-cneifion_rib-28748
Table Direct (Cadair Idris),52.69925,-3.90971,Gwynedd,VD,Cadair Idris - Penygadair,ridges_ewi,"Very Difficult (easy rock climb) · Cadair Idris - Penygadair · ★★★

Rockfax: The intimidating sheer wall below 'The Table' provides an atmospheric climb that is a brilliant way to access the start of Cyfrwy Arete itself. From Llyn y Gadair, go up scree to a fin of rock below the wall. Scramble up the gully on the right-hand side of the fin to a belay and gearing-up ledge just right of a rock pinnacle that leans against the face.
1) 9m. Climb up just right of the pinnacle and then move right to a belay.
2) 16m. Climb up left of a grassy corner and then head leftwards to belay at the base of a long corner.
3) 14m. Climb the blocky corner to a good ledge and belay.
4) 10m. From the right end of the ledge climb up and then left to a belay. From here an easy scramble leads down to the start of Cyfrwy Arete.",https://www.ukclimbing.com/logbook/crags/cadair_idris_-_penygadair-13781/table_direct-37257
The Bilberry Terrace (Y Lliwedd),53.05990,-4.05690,Gwynedd,M,Y Lliwedd,british_3_star,"Moderate (easy rock climb) · 305m · Y Lliwedd · ★★★

Rockfax: Bilberry Terrace is one of the most impressive and committing scrambles in Snowdonia. Is long with complex route finding but this allows you to weave a beautifully elegant line that delivers you straight to the summit of Lliwedd.
A high north-facing alpine-scale cliff, it will stay damp for several days after rain. The route is rarely in perfect condition and the difficult steps can feel serious if wet, hence a roped ascent is highly recommended. An early start will allow you to get the most of any morning sun that catches the face. The rock is generally solid, although care is needed with the rope to avoid knocking off loose blocks.
From Pen y Pass carpark, head up The Miner's Track to Llyn Llydaw and turn left at the pump house, just before the causeway, towards Lliwedd. The path crosses some small bridges and starts to rise up towards Lliwedd. After about 200m the path goes over a small knoll and flattens off for about 50m before rising again. From here, contour right towards the main cliff, heading slightly up, to a terrace that leads to below the east peak. You are aiming for a point below a large gully that splits the cliffs of the east and west peaks of Lliwedd.
Only two pitches are marked on the diagram since this route is usually climbed as a scramble.
1) From the gully, head up and right to a large square block with a quartz top. Follow the base of the crag up and right to where another terrace leads back right to a 25m step. Head up this to the start of the route. 
2) Go up the step to an unnerving move right onto the terrace itself. Belay immediately after the move.
3) Wander along the terrace - there are several good spike belays on the way. The terrace eventually peters out at a steep corner. Climb up to the 5m steep corner (large cam and wires protect). On the ledge, move left and up to another ledge and spike belay.
4) Traverse the exposed slab right to regain a terrace and continue along it past an awkward wide slot to a gully on the left with a prominent block arch bridging it. Spike belay on right.
5) Ignore the gully and continue along the terrace aiming for a notch on a ridge. This is 'Pinnacle Corner'. Go through the notch and up easy grass/heather to a small vegetated traverse.
6) Go 15m right along this below a prominent canon spike. Then continue on a short way before heading back up and left to belay off the canon spike. 
7) A vague line of weakness leads up diagonally left to a rock wall. Climb this on the left and regain the first ridge about 30m above Pinnacle Corner.
8) The second ridge can be seen about 30m to the left. Head left along a ledge and down slightly before heading back up to the ridge at another notch.
9) The third ridge can now be seen 30m left again. Take a rising line of weakness to a spike just right of the ridge. 
10) Now move right into a depression on the right of the ridge, up to a steep rocky corner, often a little damp. Climb this and belay on a spike above.
11) It is possible to zig-zag up the vague gully to the right of the ridge from here to the top and is the easiest option. However it is also possible to make a few more pitches up the frost-shattered ridge - care needed with the rock. If you take the ridge you arrive straight onto the summit.
Descent - Reverse the Lliwedd Traverse to Snowdon or follow that route over Snowdon. If you are wanting some more scrambling then you can either ascend the East RIdge of Snowdon to the summit or, much better in terms of quality scrambling, descend Cribau.",https://www.ukclimbing.com/logbook/crags/y_lliwedd-1214/the_bilberry_terrace-41465
The Bochlwyd Horseshoe (Tryfan),53.11535,-3.99819,Gwynedd,Grade-1,Tryfan,ridges_ewi,"Grade 1 scramble · Tryfan · ★★★

Tryfan North Ridge,Tryfan South Ridge,Bristly Ridge, Castell y Gwynt,Y Gribin.",https://www.ukclimbing.com/logbook/crags/tryfan-491/the_bochlwyd_horseshoe-85643
The Chasm Face (Glyder Fach),53.10511,-4.00775,Gwynedd,Grade-3,Glyder Fach,british_3_star,"Grade 3 scramble · Glyder Fach · ★★★

Rockfax: An amazing outing at the highest level of what is considered scrambling. The route follows the easiest line up the buttress but requires good skills and rope work and shouldn't be underestimated. Start by walking up to the left of the prominent triangle of the Alphabet Slab to below the gully.
1) Start up the gully until past an awkward chockstone, then move left on grassy ledges.
2) Step over the abyss of the chimney and scramble over stacked blocks to reach a triangular ledge below a corner.
3) Climb the wall left of the corner for a few metres and then head up and left up flakes and spikes to reach a belay in a notch below the narrow rampline leading up and right - the infamous 'Catwalk'.
4) Ascend the Catwalk in a spectacular position to a smooth step, then carry on up beneath a rock arch - 'The Arch Tempter'. 
Escape - If you struggle on 'The Chasm' you can go right to join Main Gully from here.
5) Above the arch are the upper reaches of 'The Chasm'. Straight above is the true Chasm, but this is best left for rock climbers and is described for them as the 'vertical-vice'. Instead, head up and left into a small slot. Squirm all the way back along the narrow corridor and then turn left again (rucksacks may need to be dragged behind you).
6) The chimney that heads up from here is much more in keeping with a scramble and leads you to the top of the buttress above difficulties.
7) Scramble up much more easily and either head over the summit of Glyder Fach or traverse across and head down the East Gully.",https://www.ukclimbing.com/logbook/crags/glyder_fach-494/the_chasm_face-51028
The North Ridge (Tryfan),53.11500,-3.99677,Gwynedd,Grade-1,Tryfan,british_3_star+ew_classics,"Grade 1 scramble · Tryfan · ★★★

Grade 1 scramble starting at Idwal Cottage (parking £4) on the A5. Walk along A5 to Milestone Buttress passing this up a gully on the left. Head right (straight up is the easier Heather Terrace) to the broad shoulder of the North Ridge. Many ways to go but can be taken easily or harder depending on the route you choose....obligatory Grade 1 scrambling but can be up to VDiff with exposure. Pass the 'Cannon' and head up steeper rock to the Far North Peak, down into a notch upto North Peak and onward to the Central Peak and Adam and Eve.

Rockfax: This is the most popular grade 1 scramble in Wales, if not the whole of the UK. Most weekends it is a regular procession of hillwalkers following the different mini-variation routes to the top. This popularity can mean that some people take wrong decisions and end up going down blind alleys. Be careful of following others and be aware that not every path is a good one! 
1) From the roadside lay-by below the ridge, go through the gate and follow the path up the side of the drystone wall to just below a cliff. 
2) A series of steps goes up and left. After 100m this turns into a boulder-strewn hillside. Pick your way up here, keeping just left of the cliff.
3) As the cliff disappears, carry on another 100m across awkward terrain to a shoulder.
4) Head up the right side of a scree slope then zig-zag your way up the hillside above. A couple of rock steps with a variety of routes lead to a final step to regain the broad ridge above a steepening.
5) Follow the ridge passing a rocky section to reach another flat area with a short cliff over to the right. Just below the cliff and to the right of the main track is The Canon Stone - a great photo opportunity.
6) After a short rise the path flattens before another more substantial rise. Pass this to the left side of the main ridge. This leads up to the base of the North Tower which has three options. Two are described here (see inset) and a third is a separate route along the Eastern Terrace (p.139).
7a) The easy option. Avoid the tower by descending a gully just left of the base and following Eastern Terrace around the tower for 80m to enter a gully on the far side of the tower. Scramble up the gully, passing a hanging block/bridge, to the col.
7b) The grade 2 option for experienced scramblers is to tackle the tower direct up its northeast rib. From the bottom left side, make an awkward step up and right on a fallen block and then traverse back left behind the pinnacle. Make your way up some stepped grooves to reach the more prominent northeast rib. Go up well-worn rock via a series of steps and small ledges to reach the mini-summit. Drop down to the col on the far side.
8) Continue along the ridge and, at the next rise, go right around a steeper section to below the final rise to the summit plateau.
9) Adam and Eve are the focal point of the summit. The jump/step between them is the stuff of legends and apparently gives you the freedom of the mountains for the day, whatever that means. Be warned though, it is not for the faint hearted and this is a bad place to break an ankle!",https://www.ukclimbing.com/logbook/crags/tryfan-491/the_north_ridge_summer-50491
The Parson's Nose (Clogwyn y Ddysgl),53.07700,-4.06780,Gwynedd,D,Clogwyn y Ddysgl,ridges_ewi,"Difficult (easy rock climb) · 75m · Clogwyn y Ddysgl · ★★

Rockfax: This classic route tackles the front of the nose of this ridge in a series of pleasant pitches. The route starts at the base of the rock nose, down and left of the main crag. It should be noted that this is a rock climb and requires knowledge of belay construction and multi-pitch techniques. The belays on this route are not always straightforward.
1) 25m. Climb directly up the low-angled slabs of clean rock.
2) 20m. Continue up the slab as it steepens, then trend diagonally right to a belay at the base of a shallow groove.
3) 15m. Climb diagonally rightwards, following a faint crack-line, to reach a large ledge above the gully on the right.
4) 15m. Easy ground leads to the summit of the nose. A descent can be made in the gully on the right (Western Gully), or join the scramble along the ridge of Clogwyn y Person Arete for a full day out.",https://www.ukclimbing.com/logbook/crags/clogwyn_y_ddysgl-696/the_parsons_nose-29146
The Snowdon Horseshoe (Crib Goch),53.07650,-4.05490,Gwynedd,Grade-1,Crib Goch,british_3_star+ridges_ewi,"Grade 1 scramble · Crib Goch · ★★★

The classic horseshoe circuit of Yr Wyddfa (Snowdon): up the knife-edge of Crib Goch, along Crib y Ddysgl to the summit, then back over Y Lliwedd. The most famous Grade 1 scramble in Wales — long, exposed and serious in wind or wet.",https://www.ukclimbing.com/logbook/crags/crib_goch-2032/the_snowdon_horseshoe_summer-61421
Wrinkled Tower (Tryfan),53.11465,-3.99701,Gwynedd,M,Tryfan,british_3_star,"Moderate (easy rock climb) · Tryfan · ★★★

Links Wrinkled Slabs to the Castle Chimney line on the tower itself.

Rockfax: A amazing route with challenging and engaging scrambling. The combination with Notch Arete is probably the best and most sustained outing on this face. From the runnel below the face, cut across scree to reach the base of the right-hand end of a heather covered slab, at a scree shoot.
1) Move up left from the gully on heather, then climb straight up the slabs aiming for a ledge below some stacked blocks. 
2) Gain the blocks by an easy-angled corner to the right, then move back left to the right-hand end of a big ledge, by a large pyramidal pinnacle.
3) Move left along the ledge, to below a 4m high flake and climb this to a rib on the left. Exposed climbing leads up on good holds. Pass left of the next pinnacle then go behind and to the right of it to a narrow gully. Bridge up this to more blocks. 
4) Above the climbing eases and you can follow the rib to a col below and left of the 'Faulty Tower'.
5) Traverse right below the Faulty Tower to the chimney that is partially blocked by a large flake. A good thrutch up the chimney leads to a bay above the flake. 
6) Above is hard, so move out to a ledge on the left and onto the exposed, polished and sloping gangway. This leads left to a mind-bending reach left for a flake jug on the arete. Get a sling on this to settle your nerves and make a final reach up for a good hold which leads to a slab and rather frantic scramble onto a ledge with block belays below another tower.
7) Gain the crest direct via some big moves. Alternatively, move left a few steps to climb the slot behind the pinnacle and make a bold step across onto the easier terrain. 
8) Easy scrambling leads to a clean slab split by a boot-eating crack with flake edges. 
9) Easy scrambling up the broken ridge leads to a broken heathery hillside. Head up towards the base of the North Tower.
Continuation - Go up North Ridge of Tryfan or Notch Arete. Descend North Ridge of Tryfan if you have had enough.",https://www.ukclimbing.com/logbook/crags/tryfan-491/wrinkled_tower-93888
Y Gribin,53.10510,-4.01700,Gwynedd,Grade-1,Y Gribin,british_3_star+ew_classics,"Grade 1 scramble · Y Gribin · ★★★

This ridge seperates Cwm Bochlwyd and Cwm Cneifion (so it also belongs to Glyder Fawr). A path lies on the west of the ridge but take the crest direct; reasonably simple with some exposure. A simple descent too.

Rockfax: A fine knife-edge ridge and a popular route that just merits a scrambling grade if you take the harder options. It is often used as a fine descent. Start from the base of the blunt ridge.
1) On the easy initial section, a path leads up the broad and predominantly grassy ridge to a large flat plateau which is often referred to as the 'football pitch'. Follow a path from the far end of the plateau to the start of the scramble proper, which has a couple of options.
2a) Follow the path up and right across the scree to reach the rocky ridge near a slab of rock. Gain the ridge by any means - easiest is a gully on the right side of the slab, but this misses some of the scrambling. 
2b) Alternatively, head up left from the edge of the football pitch to the lowest rock step on the ridge. Head over this and then follow the crest over the top of the aforementioned slab on the other start.
3) Follow the ridge as closely as possible. Conditions sometimes make this difficult if it is windy or the exposure is too much. If it gets too much there is an easier route to the right of the ridge. 
4) If you follow the ridge, an exposed short step where the ridge rears up briefly can be avoided on its right. It can also be taken direct in an exposed position. 
5) Before long you arrive at the top of the ridge near a small wind shelter.
Descent - Either head to Glyder Fach and descend one of the routes from there, or head towards the summit of Glyder Fawr and descend Seniors Ridge. Alternatively you can traverse Glyder Fawr and descend into The Devil's Kitchen.",https://www.ukclimbing.com/logbook/crags/y_gribin-18789/y_gribin-51002
Y Gribin (Yr Wyddfa [Snowdon]),53.06840,-4.07600,Gwynedd,Grade-1,Yr Wyddfa [Snowdon],ridges_ewi,"Grade 1 scramble · Yr Wyddfa [Snowdon] · ★★

Snowdon's Y Gribin: the rocky rib rising between Glaslyn and Llyn Llydaw to Bwlch y Saethau — a quieter, well-positioned Grade 1 alternative to the Miners' Track slog.",https://www.ukclimbing.com/logbook/crags/yr_wyddfa-4025/y_gribin_summer-83669
Broad Buttress (Barkeval),56.99170,-6.31900,Hebrides,Grade-3,Barkeval,british_3_star,"Grade 3 scramble · 120m · Barkeval · ★★★

RH part of crag consists of 2 ribs running its full height, each with a steep right flank. This is the left hand one, most easily reached by descending the right hand rib, which has a grassy saddle at its top, easily seen from the summit of Barkeval. Route starts up steep juggy outcrops of superb peridotite, reaching an open terrace at half height (Narnia and Honeycomb Aretes are just off right here). Broad Buttress continues slightly left up cracked slabs, then direct to top.",https://www.ukclimbing.com/logbook/crags/barkeval-11859/broad_buttress-262888
C Buttress (Gillaval Dubh),57.92240,-6.83130,Hebrides,Grade-3,Gillaval Dubh,british_3_star,"Grade 3 scramble · 250m · Gillaval Dubh · ★★★

Start at slabs on bottom right and keep heading up! The best scramble in Harris.",https://www.ukclimbing.com/logbook/crags/gillaval_dubh-19935/c_buttress-291686
D Buttress (Gillaval Dubh),57.92140,-6.83130,Hebrides,M,Gillaval Dubh,british_3_star,"Moderate (easy rock climb) · 250m · Gillaval Dubh · ★★★

Start at slabs on bottom left on friction. Where buttress steepens either tackle it direct (old peg) or go up the right edge. Higher up move to the left edge and climb a thinner rib to the top.",https://www.ukclimbing.com/logbook/crags/gillaval_dubh-19935/d_buttress-291687
Narnia Arête (Barkeval),56.99070,-6.31900,Hebrides,M,Barkeval,british_3_star,"Moderate (easy rock climb) · 105m · Barkeval · ★★★

There are 2 prominent ribs on the right hand side of the crag, both with steep right flanks and going the full height of the cliff. Between the top part of these are 2 shorter sharper ribs. This is the left-hand and sharpest one, best accessed by doing the lower part of Broad Buttress (the lower of  the 2 longer ribs). Once found, the line is obvious, climb the arête direct on superb jugs.",https://www.ukclimbing.com/logbook/crags/barkeval-11859/narnia_arete-262885
Am Fasarinen Traversee (Liathach),57.56410,-5.46360,Highland,Grade-2,Liathach - Spidean a' Choire Leith,british_3_star,"Grade 2 scramble · Liathach - Spidean a' Choire Leith · ★★★

The famous pinnacle traverse of Am Fasarinen on Liathach — an exposed Grade 2 crest between the mountain's tops, with huge drops to Glen Torridon. A bypass path exists, but the crest is the point.",https://www.ukclimbing.com/logbook/crags/liathach_-_spidean_a_choire_leith-715/am_fasarinen_traversee-589748
Aonach Eagach Ridge,56.67950,-5.03750,Highland,Grade-2,Aonach Eagach - Sgorr nam Fiannaidh,british_3_star,"Grade 2 scramble · Aonach Eagach - Sgorr nam Fiannaidh · ★★★

The summer traverse of the Aonach Eagach is one of the great classic British hill days, featuring quality hillwalking and exposed but straightforward scrambling in an exhilarating setting",https://www.ukclimbing.com/logbook/crags/aonach_eagach_-_sgorr_nam_fiannaidh-562/aonach_eagach_ridge_summer-51021
Barn Wall Route (Aonach Dubh),56.65500,-5.02820,Highland,M,Aonach Dubh,british_3_star,"Moderate (easy rock climb) · Aonach Dubh · ★★★

Start at the highest point of the bottom of the Barn Wall and take the easiest line to the top.",https://www.ukclimbing.com/logbook/crags/aonach_dubh-23162/barn_wall_route-108250
Carn Mor Dearg Arete (Ben Nevis),56.79665,-5.00301,Highland,,Ben Nevis,british_3_star,"Grade 1 scramble · Ben Nevis

The great whaleback arete linking Carn Mor Dearg to Ben Nevis — a long, airy Grade 1 crest of granite blocks above Coire Leis, with the Ben's cliffs for a backdrop. Usually done as part of the CMD round, finishing up the boulder slope to the summit.",https://www.ukclimbing.com/logbook/crags/ben_nevis-16877/carn_mor_dearg_arete-144164
Castle Ridge (Ben Nevis),56.79665,-5.00459,Highland,M,Ben Nevis,british_3_star,"Moderate (easy rock climb) · Ben Nevis · ★★★

The northernmost of Ben Nevis's great ridges, rising straight from the Allt a' Mhuilinn — a Moderate mountaineering line with a steep chimney crux high up and sensational situations.",https://www.ukclimbing.com/logbook/crags/ben_nevis-16877/castle_ridge-68945
Curved Ridge (Buachaille Etive Mor),56.64630,-4.90040,Highland,M,Buachaille Etive Mor,british_3_star,"Moderate (easy rock climb) · 240m · Buachaille Etive Mor · ★★★

The classic mountaineering line up Buachaille Etive Mor's Rannoch face — clean, blocky scrambling beside Crowberry Ridge with Rannoch Moor at your back, topping out near Crowberry Tower below Stob Dearg's summit.",https://www.ukclimbing.com/logbook/crags/buachaille_etive_mor-387/curved_ridge_summer-36001
Eagles Nest Slabs (Garbh Bheinn),56.70450,-5.42510,Highland,Grade-3,Garbh Bheinn,british_3_star,"Grade 3 scramble · Garbh Bheinn · ★★★

Long clean gneiss slabs below the Eagle's Nest area of Garbh Bheinn of Ardgour — easy-angled padding in a grand setting above Loch Linnhe.",https://www.ukclimbing.com/logbook/crags/garbh_bheinn_highland-554/eagles_nest_slabs-619951
Forcan Ridge (The Saddle),57.16190,-5.41680,Highland,Grade-2,The Saddle,british_3_star,"Grade 2 scramble · The Saddle · ★★★

Fantastic grade 2 scramble if you keep to the crest but you can escape round most obstacles on the path below it.",https://www.ukclimbing.com/logbook/crags/the_saddle-14788/forcan_ridge_summer-142250
Ledge Route (Ben Nevis),56.79740,-5.00380,Highland,Grade-2,Ben Nevis,british_3_star,"Grade 2 scramble · 450m · Ben Nevis · ★★★

""An excellent scramble through magnificent scenery. Start up Number Five Gully, and break out right on the first ledge from the foot of the gully proper. Follow this until it becomes impractical, then take a shallow gully that leads up and slightly left to a higher ledge. Follow the higher ledge to the right passing a large pinnacle block to reach the easy angled crest of the Great Buttress of Carn Dearg by a large cairn. Follow the crest of the buttress to the north-west summit of Carn Dearg."" Nisbet, A. et al (2005) Scottish Rock Climbs, Leicester; Scottish Mountaineering Club",https://www.ukclimbing.com/logbook/crags/ben_nevis-16877/ledge_route-123463
Long Stroll Slab (Ruadh-stac Beag),57.59700,-5.39360,Highland,Grade-3,Ruadh-stac Beag,british_3_star,"Grade 3 scramble · 100m · Ruadh-stac Beag · ★★★

Large triangular slab on NE flank of hill. Start direct and dodge overlap on left. Much easier than it looks. Overlap direct is  V Diff.",https://www.ukclimbing.com/logbook/crags/ruadh-stac_beag-13026/long_stroll_slab-241065
Lurgainn Edge (Cul Beag West face),58.02920,-5.15500,Highland,Grade-3,Cul Beag West face,british_3_star,"Grade 3 scramble · Cul Beag West face · ★★★

A Grade 3 sandstone edge on the west face of Cul Beag above Loch Lurgainn — steep terraced scrambling in the heart of Coigach, with Stac Pollaidh's crest across the water.",https://www.ukclimbing.com/logbook/crags/cul_beag_west_face-1584/lurgainn_edge-253284
Rum Cuillin Traverse (Askival),56.97440,-6.29170,Highland,M,Askival,british_3_star,"Moderate (easy rock climb) · Askival · ★★★

The full traverse of the Rum Cuillin — Askival, Hallival, Trollaval, Ainshval and Sgurr nan Gillean — a huge, remote island mountaineering day on rough gabbro with scrambling to Moderate standard.",https://www.ukclimbing.com/logbook/crags/askival-11861/rum_cuillin_traverse-206842
The Dubh Ridge (The Dubh Slabs),57.20750,-6.17940,Isle of Skye,M,The Dubh Slabs,british_3_star,"Moderate (easy rock climb) · 920m · The Dubh Slabs · ★★★

Excellent scramble. Limited opportunity for escape. 20m  abseil at end can be downclimbed at VD or avoided by a scramble back and left side (looking out from the ab point).",https://www.ukclimbing.com/logbook/crags/the_dubh_slabs-3490/the_dubh_ridge-60243
Afterthought Arete (Stag Rocks),57.10080,-3.64420,Moray,M,Stag Rocks,british_3_star,"Moderate (easy rock climb) · 150m · Stag Rocks · ★★★

Moderate, though harder on the first pitch if taken direct, but this can be avoided.",https://www.ukclimbing.com/logbook/crags/stag_rocks-2336/afterthought_arete-38198
Strans Gill,54.20500,-2.12860,North Yorkshire,Grade-2,Strans Gill,british_3_star,"Grade 2 scramble · 300m · Strans Gill · ★★★

Pleasant grade 2 scrambling up the dry gill bed. Interesting scrambling and scenary throughout. The gorge finishes with a large headwall. Tackled direct this gives a short pitch of diff climbing, where a rope and/or climbing shoes may well be appreciated. The crux is at the top so a fall would be nasty. Note: the scrambling can be continued for quite a long way after the Diff headwall (in wet or winter really best to take a short 10m rope and a bit of gear. The scramble continues under the footbridge where there are a few nice steps and a nifty pool traverse and on until the stream levels out where a very handy gate on the left provides escape without any fence hopping.",https://www.ukclimbing.com/logbook/crags/strans_gill-10080/strans_gill-121306
An Teallach Ridge,57.80710,-5.25200,Ross & Cromarty,Grade-3,An Teallach - Bidein a' Ghlas Thuill,british_3_star,"Grade 3 scramble · An Teallach - Bidein a' Ghlas Thuill · ★★★

From south to north from Sail Liath to Bidein a' Ghlas Thuill. The pinnacles can be bypassed but where would the fun in that be??",https://www.ukclimbing.com/logbook/crags/an_teallach_-_bidein_a_ghlas_thuill-13056/an_teallach_ridge_summer-137498
Right Hand Slabs (An Groban),57.71440,-5.63310,Ross & Cromarty,Grade-3,An Groban,british_3_star,"Grade 3 scramble · An Groban · ★★★

Follows the ridge on the right.

* This newly updated climb is waiting to be checked by the crag moderator.",https://www.ukclimbing.com/logbook/crags/an_groban-11261/right_hand_slabs-228283
West End (Stac Pollaidh),58.04410,-5.20830,Ross & Cromarty,Grade-3,Stac Pollaidh,british_3_star,"Grade 3 scramble · Stac Pollaidh · ★★★

The scramble up the west end of Stac Pollaidh's shattered sandstone crest — weird Torridonian towers and windows, usually taken as part of the full crest traverse. Short, but wildly atmospheric.",https://www.ukclimbing.com/logbook/crags/stac_pollaidh-299/west_end-589800
The Roaches Ridge (Roaches Lower Tier),53.15710,-1.99260,Staffordshire,D 3a,Roaches Lower Tier,dark_peak,"Difficult (easy rock climb) · 70m · Roaches Lower Tier · ★

Rockfax: Popular with outdoor groups - the long rambling ridge at the right-hand end of the cliff gives a pleasant scramble with multifarious variations. It is low in the grade and offers a good intro to rock-hopping, though the many more direct variations increase the grade and the quality.",https://www.ukclimbing.com/logbook/crags/roaches_lower_tier-105/the_roaches_ridge-16066
Upper Tier Ridge (Roaches Upper Tier),53.15820,-1.99260,Staffordshire,Grade-3,Roaches Upper Tier,dark_peak,"Grade 3 scramble · Roaches Upper Tier · ★

Lots of possible variations. Most people start from the left as they are coming in from the top of Lower Tier Ridge. The usual crux (and best bit) is a wide crack/chimney at 2/3 height on the left.",https://www.ukclimbing.com/logbook/crags/roaches_upper_tier-797/upper_tier_ridge-706292
Cnoc Duail North Face (Foinaven),58.41250,-4.88560,Sutherland,Grade-3,Foinaven - Ganu Mor,british_3_star,"Grade 3 scramble · 500m · Foinaven - Ganu Mor · ★★★

A huge (~500m) Grade 3 mountaineering scramble up the north face of Cnoc Duail on the Foinaven massif — quartzite slabs and ribs in one of Sutherland's emptiest corners.",https://www.ukclimbing.com/logbook/crags/foinaven_-_ganu_mor-304/cnoc_duail_north_face-244640
Ganu Mor Slabs (Foinaven),58.41150,-4.88560,Sutherland,Grade-3,Foinaven - Ganu Mor,british_3_star,"Grade 3 scramble · Foinaven - Ganu Mor · ★★★

Quartzite slabs running up towards Ganu Mor, Foinaven's highest top — long, easy-angled clean rock, far from anywhere; a serious mountain day despite the technical ease.",https://www.ukclimbing.com/logbook/crags/foinaven_-_ganu_mor-304/ganu_mor_slabs-244641
